OA11CD,Total_Population,Total_Households,Total_Population_16_and_over,Total_Population_16_to_74,Total_Population_3_and_over,Total_Population_school_census,Total_Population_census,Total_Households_census,Total_Population_16_and_over_census,Total_Population_16_to_74_census,Total_Population_3_and_over_census,RM2018_01,RM2018_02,RM2018_03,RM2018_04,RM2018_05,RM2018_06,RM2018_07,RM2018_08,RM2018_09,RM2018_10,RM2018_11,RM2018_12,RM2018_13,RM2018_14,RM2018_15,RM2018_17,RM2018_18,RM2018_21,RM2018_22,RM2018_23,RM2018_24,RM2018_25,RM2018_26,RM2018_27,RM2018_28,RM2018_29,RM2018_30,RM2018_31,RM2018_32,RM2018_33,RM2018_34,RM2018_35,RM2018_36,RM2018_40,RM2018_41,RM2018_42,RM2018_43
E00000037,320,98,252,244,311,39,334,110,273,262,317,19,43,128,41,22,0,0,24,78,49,85,39,8,27,1,31,63,27,29,10,8,18,3,2,35,13,49,0,105.481324,25,61,16,109,13,8,16,0
E00000038,435,112,310,297,410,61,401,116,309,298,370,38,76,159,41,32,0,0,54,106,21,136,57,8,20,2,49,57,16,42,13,8,20,7,5,69,0,41,0,88.98825336,37,93,33,68,11,12,11,8
E00000039,402,148,235,232,370,81,358,141,242,241,320,55,105,143,46,8,0,0,45,109,18,48,51,13,94,3,58,60,19,42,3,3,35,35,1,33,1,113,0,37.11447198,18,73,21,75,17,15,22,15
E00000040,401,162,262,260,361,62,160,67,122,121,150,62,76,172,41,8,0,0,42,105,43,33,36,14,95,6,47,85,22,42,4,4,55,34,0,31,9,118,3,48.83029269,8,26,8,52,23,1,46,5
E00000041,335,90,243,232,307,45,293,89,229,223,269,35,53,123,37,20,0,0,30,61,30,93,62,9,25,1,36,46,16,31,3,6,21,5,8,50,1,36,0,74.2304693,31,53,28,64,5,6,7,1
E00000042,226,141,182,159,206,14,223,144,202,168,210,27,17,73,32,36,3,0,63,52,19,32,6,4,33,4,11,111,12,15,8,27,64,10,0,21,89,31,0,196.7396871,9,40,18,38,6,3,55,1
E00000043,345,123,240,237,333,84,356,123,249,246,340,22,75,125,51,10,0,0,60,63,7,33,10,5,146,5,63,68,25,42,3,5,35,11,1,14,95,14,0,46.22619197,16,82,18,57,6,2,41,12
E00000045,327,104,207,205,308,68,280,102,190,190,250,34,80,107,44,10,0,0,50,85,24,37,19,8,74,5,50,46,22,34,2,5,17,16,2,34,8,60,0,33.89020497,18,49,24,55,14,3,19,7
E00000046,386,158,257,248,360,70,357,147,252,244,315,50,75,149,38,19,0,0,62,88,37,55,16,21,82,8,49,88,19,36,3,11,55,26,3,23,95,37,0,61.45610535,20,45,18,100,11,0,33,16
E00000048,469,151,296,290,441,131,405,145,266,261,379,47,117,137,58,13,0,0,99,56,2,67,15,22,172,13,80,74,20,50,4,6,44,21,2,15,107,29,0,51.09995887,27,89,21,58,19,0,51,20
E00000049,463,122,346,329,443,77,425,119,309,288,396,35,76,149,59,34,4,4,68,86,37,154,43,13,28,8,46,74,39,36,9,13,13,4,7,79,5,38,0,83.88378001,36,81,23,100,3,9,12,9
E00000050,450,140,296,288,422,98,411,140,264,258,386,56,85,133,59,14,0,0,52,79,18,55,88,17,109,15,73,69,24,56,4,7,34,11,2,44,65,31,0,57.17040563,20,58,24,68,10,5,36,19
E00000051,608,182,432,408,572,81,533,178,430,404,500,67,101,245,63,40,2,0,43,118,197,141,23,16,28,6,63,93,31,56,15,5,42,15,10,74,2,103,0,91.41453515,67,76,33,181,10,4,19,1
E00000052,434,157,324,308,402,51,402,157,305,294,379,42,66,141,63,41,0,0,81,102,34,67,32,14,74,5,39,103,35,34,11,18,39,14,3,44,62,51,0,76.44716619,31,65,30,79,15,7,37,4
E00000053,442,126,320,308,422,70,396,121,319,304,375,44,69,160,49,36,2,0,48,101,96,97,27,7,50,6,43,63,19,45,13,4,27,8,9,66,0,59,0,70.37014194,37,71,36,110,8,11,10,7
E00000054,451,116,324,313,420,59,390,117,328,320,372,47,73,175,32,32,1,0,49,135,32,130,40,16,20,8,49,59,22,43,15,6,16,5,6,62,3,50,0,88.00055273,36,68,34,119,4,11,9,5
E00000055,436,123,325,314,418,57,420,119,330,320,394,34,71,170,39,30,0,0,63,84,62,119,58,8,10,6,41,66,27,45,14,4,21,7,3,77,3,42,0,55.30220419,31,79,34,106,6,5,8,0
E00000056,431,112,282,275,406,88,372,113,263,258,347,52,89,145,45,20,0,0,57,73,30,54,45,18,133,13,64,40,25,48,7,2,6,14,8,24,47,40,0,63.80330376,26,74,25,69,7,7,34,23
E00000057,409,124,263,261,390,112,383,123,244,241,349,36,101,121,53,17,0,0,55,65,7,56,52,17,139,11,73,61,26,43,9,3,23,14,4,25,71,27,0,68.44911498,30,75,24,54,13,2,27,12
E00000059,246,116,161,158,216,32,230,112,180,179,212,41,43,114,22,7,0,0,38,80,21,13,17,16,48,1,23,65,14,27,2,3,46,18,0,28,0,88,0,45.08476755,13,58,14,72,13,3,16,2
E00000060,258,76,188,173,246,48,232,72,171,160,218,20,48,84,27,27,3,0,43,70,21,62,23,10,16,5,33,44,15,21,10,8,11,6,4,47,1,26,0,73.7632951,19,55,8,43,1,0,9,2
E00000061,256,104,184,177,237,49,267,105,190,181,251,25,41,88,30,21,1,0,62,47,22,39,25,9,45,5,29,68,18,20,8,10,32,13,1,32,50,22,0,71.84513485,15,57,15,41,4,3,29,10
E00000062,844,348,616,616,790,97,480,204,397,394,457,98,121,471,58,3,0,0,85,219,232,59,79,19,95,3,82,209,75,106,3,0,131,24,0,52,5,284,0,39.55406341,26,69,31,184,27,4,17,6
E00000063,319,84,230,216,306,57,272,82,206,199,257,32,53,112,31,29,2,0,26,96,42,58,40,9,21,11,47,41,17,31,11,6,7,6,5,46,5,33,0,47.37728779,21,43,17,78,12,8,6,5
E00000064,315,95,235,224,305,34,344,99,258,253,331,24,50,108,30,29,1,0,34,49,32,98,52,8,19,5,27,58,21,24,12,6,19,4,6,58,1,34,0,71.9582929,24,68,11,95,4,7,10,1
E00000065,750,258,486,472,687,142,568,191,418,415,528,104,153,309,56,39,0,6,90,123,96,170,53,19,128,21,108,133,35,78,17,7,74,38,6,112,5,139,0,56.55059991,41,95,27,151,26,9,44,17
E00000066,475,119,336,323,450,65,494,131,380,374,456,45,91,192,36,31,1,6,36,97,67,149,38,18,27,12,53,56,27,43,11,4,14,10,9,50,8,57,0,57.08657478,39,97,33,116,7,3,11,4
E00000067,389,135,241,232,359,66,344,133,255,255,312,51,96,141,40,22,0,0,64,85,20,64,78,6,49,3,54,64,9,43,6,9,40,22,4,57,2,76,0,53.6749595,18,69,25,80,13,5,24,9
E00000068,451,110,330,321,427,69,395,111,322,314,380,44,73,175,46,31,1,0,27,89,103,112,66,9,34,0,63,57,23,39,17,4,13,7,5,58,5,45,0,70.95308943,37,81,30,96,10,11,9,14
E00000069,482,165,305,300,448,120,351,131,227,223,310,57,112,188,42,13,0,0,85,73,28,47,31,13,164,22,75,73,14,60,5,4,50,26,3,20,70,73,0,55.39720222,13,52,24,80,20,2,49,25
E00000070,384,152,307,283,365,57,385,150,298,280,370,26,46,107,56,51,2,0,190,72,12,3,10,5,84,2,24,105,44,29,18,21,22,12,5,72,56,24,0,107.4954814,46,97,32,35,10,5,30,10
E00000071,318,117,239,226,304,52,298,115,223,208,287,18,52,95,47,26,1,0,137,94,14,6,4,5,47,4,28,70,26,30,11,13,20,17,0,58,34,24,0,94.3145991,19,81,20,28,10,6,22,5
E00000072,354,118,247,237,335,74,305,120,226,210,284,34,69,95,45,33,1,0,177,52,9,13,7,5,82,1,32,66,23,33,13,12,18,12,6,65,36,16,0,94.92301065,24,78,22,42,10,8,18,20
E00000073,355,111,250,237,334,62,311,116,223,201,291,40,62,116,40,20,2,0,139,82,6,9,24,1,75,5,23,61,22,38,8,10,21,7,2,50,40,20,0,92.01190204,34,68,17,44,4,5,26,12
E00000074,274,103,199,184,256,51,249,100,194,176,236,31,39,81,39,32,0,0,130,79,0,2,6,9,45,1,22,59,18,33,12,13,16,8,1,55,29,19,0,94.80048061,34,57,12,38,3,1,18,6
E00000075,343,128,259,236,331,58,336,129,263,246,312,29,53,98,57,45,1,0,166,63,16,6,16,4,48,5,28,86,29,26,18,16,23,11,5,66,35,25,0,107.012735,36,85,25,54,9,6,31,8
E00000076,372,107,260,252,360,85,317,106,224,210,299,23,78,121,48,15,2,0,157,69,6,12,24,7,84,5,34,56,29,38,6,5,16,9,4,59,27,21,0,68.17310856,35,86,25,34,6,4,19,16
E00000077,378,130,274,261,358,63,310,130,239,221,299,37,63,110,51,33,3,0,153,68,16,18,36,2,68,6,33,77,21,44,14,14,28,7,2,56,53,21,0,120.3622432,21,58,31,46,6,2,41,10
E00000078,354,116,260,243,334,59,332,114,240,230,311,35,56,105,46,37,1,0,161,64,5,8,11,2,79,4,28,72,27,28,18,5,22,12,3,54,37,25,0,105.2604321,35,63,32,49,7,4,28,12
E00000079,359,134,264,242,346,67,338,130,252,230,329,24,62,110,54,36,5,0,190,77,14,3,5,5,52,6,31,87,34,26,10,22,21,18,2,78,36,19,0,97.27810153,41,95,20,42,5,8,29,15
E00000080,594,214,405,392,553,103,560,206,403,389,508,61,120,193,74,29,4,0,234,144,10,10,15,18,128,15,34,105,34,71,14,8,49,32,3,89,48,77,0,55.81916112,41,141,35,92,12,8,37,22
E00000081,360,125,269,252,347,64,323,121,229,212,300,17,65,95,60,32,2,0,198,72,4,3,6,3,43,17,17,77,29,32,10,17,21,15,1,71,36,16,0,65.87818847,22,102,15,26,4,10,19,18
E00000082,346,125,250,234,334,72,335,124,240,227,313,22,66,104,48,32,1,0,143,76,8,6,12,8,71,12,24,71,29,32,14,3,25,14,5,73,27,24,0,96.29415563,28,77,22,45,7,3,18,17
E00000083,349,119,262,248,336,62,321,117,235,221,304,23,61,90,67,36,0,0,188,61,8,0,6,2,73,6,19,70,29,32,19,9,13,14,2,50,45,23,0,87.42152119,31,84,15,35,8,4,30,9
E00000084,344,117,247,231,331,67,316,114,221,208,292,27,63,102,49,29,1,0,183,59,4,16,8,3,59,5,21,68,30,32,13,10,15,14,1,53,40,24,0,97.13651297,31,87,20,26,5,3,31,19
E00000085,317,113,226,213,301,68,293,114,222,208,280,25,63,99,38,30,0,0,142,78,3,1,14,3,68,4,35,66,13,39,14,12,27,5,2,54,35,24,0,97.51120571,36,81,19,37,4,5,32,9
E00000086,355,123,261,248,336,66,316,123,238,220,303,33,55,107,51,31,1,0,164,67,7,5,30,6,64,4,40,75,30,34,14,10,21,13,0,65,32,26,0,93.95031334,26,83,21,36,4,7,24,6
E00000087,250,82,189,173,240,39,262,77,200,190,247,19,39,77,32,25,0,34,115,61,4,3,6,8,39,6,17,49,22,19,11,4,12,10,2,32,25,25,0,95.57802329,29,77,22,20,13,1,20,10
E00000088,332,116,237,222,317,69,291,114,218,199,277,33,58,108,36,24,3,0,179,49,4,6,27,5,49,5,22,65,23,37,11,9,22,12,2,58,38,19,0,84.89354093,27,75,24,30,4,5,27,25
E00000089,357,128,255,248,338,73,312,127,223,208,288,32,66,102,48,19,1,0,187,53,5,13,8,12,55,6,29,77,31,35,6,10,30,16,0,58,46,22,0,85.07667791,21,78,21,45,9,1,30,13
E00000090,362,118,258,230,339,64,304,115,230,204,280,39,62,117,40,35,2,0,165,78,20,8,23,8,44,8,29,61,19,43,16,14,12,11,1,62,27,28,0,109.5547175,43,72,21,40,7,7,21,11
E00000091,650,203,408,392,607,157,574,203,377,358,517,72,157,198,70,34,1,0,251,138,9,19,28,22,149,16,73,93,35,68,16,11,31,32,4,61,62,79,0,61.42307944,34,138,41,59,15,11,50,26
E00000092,411,145,303,287,390,73,370,142,263,249,351,34,69,121,66,34,2,0,210,71,12,5,25,2,66,12,27,85,31,42,15,11,28,14,3,74,35,36,0,75.78627619,21,88,17,37,3,7,22,14
E00000093,376,131,280,271,358,68,375,144,284,266,350,29,61,122,50,28,0,0,117,74,20,31,14,9,92,6,43,78,29,39,9,13,27,7,5,60,22,43,0,97.334629,26,85,33,55,13,5,19,7
E00000094,416,141,290,271,393,84,350,140,265,237,341,38,82,127,56,31,5,0,199,81,19,2,21,8,76,2,40,77,30,40,14,10,23,21,3,66,43,31,0,107.545235,33,92,19,47,11,5,30,15
E00000095,509,201,374,359,483,85,493,198,346,330,460,50,79,170,81,36,0,0,212,111,7,15,16,9,110,18,38,123,35,54,12,13,63,19,4,87,63,51,0,87.18797574,36,126,39,74,11,9,28,11
E00000096,339,128,262,239,324,50,314,127,224,202,295,28,44,85,47,45,3,0,188,54,8,1,6,6,53,9,18,85,30,36,18,18,19,6,0,61,44,23,0,108.848612,33,66,16,31,3,4,26,8
E00000097,365,132,276,261,345,60,317,124,242,225,303,31,50,117,49,34,4,0,181,92,4,0,9,7,56,6,25,82,33,34,18,11,20,12,2,67,40,25,0,97.37690335,32,73,25,38,7,4,19,1
E00000098,307,109,223,211,288,46,293,111,223,207,276,29,52,96,35,33,0,0,163,51,10,13,17,11,27,5,20,64,26,30,14,10,14,14,0,61,29,19,0,126.6556337,28,75,20,35,6,11,13,3
E00000099,112,71,94,90,104,8,122,71,107,96,118,12,6,40,18,13,2,0,69,23,0,0,7,1,11,1,3,58,10,9,4,8,36,3,0,19,41,11,0,144.5485776,11,32,11,14,4,2,19,1
E00000100,430,147,305,289,409,82,363,149,271,242,351,34,82,128,64,23,4,0,186,87,4,16,8,11,88,19,35,84,34,45,9,16,25,14,1,72,39,36,0,83.59163808,22,90,21,43,11,7,32,18
E00000101,365,116,272,258,348,65,334,113,240,230,312,31,58,104,51,36,2,0,118,83,37,12,21,17,53,7,40,63,26,40,17,10,10,5,5,69,24,22,0,93.12895552,31,73,30,52,3,1,19,7
E00000102,414,109,290,275,397,80,364,110,258,245,333,35,86,116,55,33,0,0,139,65,34,31,22,9,76,13,39,55,24,41,11,9,11,7,6,66,22,20,0,79.28495735,35,98,20,41,7,5,18,7
E00000103,467,144,361,352,452,46,430,139,311,307,413,30,72,155,63,26,0,0,194,28,46,66,36,12,48,23,7,86,43,47,14,5,24,9,1,49,72,22,0,102.2396605,52,102,27,69,5,3,41,8
E00000104,504,129,359,342,482,88,421,127,306,290,399,38,96,168,47,37,0,0,219,70,43,40,44,10,50,10,27,60,28,55,12,8,12,5,9,71,29,29,0,95.27035642,30,119,26,51,5,8,26,14
E00000106,372,118,266,247,352,49,342,120,253,234,322,32,68,109,51,38,3,0,115,56,69,34,18,4,47,16,10,73,24,31,16,11,22,10,3,75,13,28,0,76.97951793,32,79,33,51,5,7,18,7
E00000107,389,135,271,260,369,65,346,134,246,238,316,39,75,117,61,30,1,0,164,62,40,47,31,4,21,6,34,75,32,42,9,12,22,15,3,63,36,35,0,96.07810664,21,88,23,42,10,2,27,11
E00000108,364,118,248,238,340,70,306,118,225,213,289,39,70,117,42,30,1,0,148,61,32,29,23,6,41,5,38,57,19,46,13,9,16,12,2,55,26,37,0,92.45308399,28,73,16,50,12,11,25,9
E00000109,432,133,303,280,410,69,375,133,259,240,360,37,83,137,51,39,1,0,114,98,38,64,34,7,44,12,41,72,28,46,18,9,17,13,2,77,19,35,0,78.02281979,27,70,19,59,9,7,18,7
E00000110,322,122,240,234,309,59,301,117,219,210,285,23,55,108,50,16,2,0,154,37,22,40,7,7,39,8,19,76,28,37,9,4,35,8,0,49,43,29,0,104.9429693,23,80,22,56,16,5,29,9
E00000111,427,148,316,303,407,74,421,152,306,293,399,28,76,127,68,30,1,0,190,64,36,39,13,14,48,10,27,79,34,49,9,13,23,16,2,84,34,30,0,77.13898198,30,100,34,71,12,6,28,14
E00000112,353,118,250,243,330,66,306,118,227,223,284,36,62,121,45,17,0,0,113,87,15,41,20,10,44,3,33,67,29,32,5,9,24,18,0,50,12,54,0,83.50886612,24,66,17,69,7,8,26,17
E00000113,364,132,274,262,346,58,372,133,276,270,353,30,56,129,51,31,0,0,161,67,12,22,23,4,57,12,26,81,33,41,13,10,25,7,2,88,22,21,0,71.54971479,26,105,32,51,2,9,16,4
E00000114,389,114,275,265,367,82,316,111,231,214,302,39,71,131,37,21,3,0,159,65,13,36,35,8,56,5,32,53,20,50,11,7,15,8,3,60,27,27,0,88.16211127,29,76,25,52,7,5,20,16
E00000115,376,125,271,258,358,65,305,126,240,227,295,32,66,111,53,35,1,0,135,28,27,61,50,6,42,7,35,71,29,35,13,10,19,13,5,67,31,26,0,118.4232072,37,88,22,47,6,2,24,6
E00000116,370,113,277,264,354,68,335,116,247,229,318,28,57,106,61,24,2,0,145,59,24,32,22,5,61,5,31,61,29,36,10,7,15,11,4,62,35,16,0,102.4696677,25,81,22,50,5,8,16,4
E00000117,229,91,158,157,216,47,217,108,175,170,205,22,45,74,27,9,0,0,113,17,10,6,10,12,45,6,9,56,18,17,1,5,32,14,2,3,47,41,0,132.8832426,20,83,17,27,9,1,34,20
E00000118,382,111,270,260,367,75,347,112,256,245,327,29,78,127,44,26,1,0,141,63,23,35,32,7,49,4,44,57,20,40,14,5,18,10,3,68,23,19,0,80.34014827,33,76,30,55,6,5,20,12
E00000119,313,123,230,211,304,60,314,121,236,212,296,14,61,77,39,44,2,0,130,35,29,38,12,9,34,13,32,82,20,28,12,25,25,10,2,50,47,23,0,101.483198,32,78,19,41,5,3,44,10
E00000120,356,117,253,241,336,59,324,118,241,221,302,33,66,106,45,28,1,0,161,57,6,16,29,11,67,2,25,69,31,33,13,9,16,11,2,55,31,31,0,101.8526743,29,80,22,45,9,7,18,2
E00000121,385,129,268,250,369,75,395,134,302,291,369,33,79,120,52,36,0,0,114,88,22,32,48,11,48,13,43,76,32,32,14,10,20,14,3,53,23,50,0,93.24482341,39,95,14,76,16,5,23,11
E00000122,402,119,270,256,383,89,316,117,244,228,292,37,86,110,50,36,0,0,151,103,33,19,25,10,38,14,48,65,23,39,14,9,19,10,5,70,35,13,0,96.70000603,29,93,24,41,3,8,14,14
E00000123,446,138,352,281,435,66,424,137,325,239,401,21,65,96,70,89,17,61,199,55,18,18,22,10,104,7,30,93,25,40,18,31,19,5,0,54,61,20,0,151.2815592,29,76,17,49,8,10,50,3
E00000124,385,124,270,258,366,83,339,123,232,221,314,33,74,122,45,22,1,0,164,75,1,11,11,2,97,13,27,64,29,41,12,6,17,15,3,52,37,35,0,68.42841146,21,84,26,41,9,5,29,22
E00000125,452,144,341,324,436,74,396,143,295,281,375,30,75,130,69,44,1,0,181,75,28,22,47,11,61,15,28,86,32,41,16,11,27,10,6,63,54,27,0,98.65921058,32,81,20,50,13,10,34,7
E00000126,1805,648,1137,1127,1669,406,249,133,199,190,226,244,401,755,161,31,1,0,402,529,104,148,75,71,377,20,224,329,96,192,4,16,213,110,7,200,2,443,0,73.51572923,15,46,19,85,54,8,111,81
E00000127,1686,642,1145,1112,1553,306,467,224,387,354,440,216,307,668,187,79,4,0,417,395,150,120,60,63,342,36,150,346,93,201,24,36,193,77,9,255,65,316,0,106.4198626,37,105,33,118,46,7,133,53
E00000128,283,102,205,195,268,54,280,101,213,189,262,20,56,87,47,21,2,11,136,49,2,7,26,9,38,5,25,64,25,27,8,7,24,9,2,60,26,14,0,84.09437047,25,68,20,29,2,4,13,8
E00000129,376,135,274,256,357,69,330,138,264,247,313,32,64,106,54,36,1,0,160,46,21,60,11,5,55,8,27,85,21,34,14,16,34,12,2,62,56,17,0,98.68078664,29,84,18,39,6,2,42,18
E00000130,409,131,298,284,392,72,358,132,259,248,338,33,75,139,55,31,0,0,187,64,5,26,6,10,92,9,26,74,35,39,13,10,16,16,2,56,41,34,0,91.9967648,19,89,21,52,9,1,30,9
E00000131,306,118,232,214,293,48,275,118,209,189,261,22,49,67,57,41,0,0,149,56,14,2,8,7,60,1,25,80,24,27,18,12,26,9,1,57,37,24,0,107.2073421,32,71,16,35,4,4,30,5
E00000132,393,130,284,275,379,80,367,128,260,250,344,27,76,126,59,17,2,0,197,75,11,6,18,3,70,2,30,69,37,44,12,2,18,15,1,57,45,27,0,80.64602374,29,91,37,48,7,3,32,14
E00000133,332,121,241,227,316,51,312,119,238,225,300,30,58,101,53,26,1,0,141,79,5,8,25,15,47,4,20,71,29,33,13,11,18,13,2,64,29,27,0,96.07190966,35,82,23,30,6,3,22,7
E00000134,377,124,280,261,355,73,325,126,247,228,304,35,59,120,50,29,3,0,172,56,7,37,31,8,52,7,27,75,31,36,11,11,22,8,5,80,23,21,0,100.9126601,45,68,22,44,9,6,17,7
E00000135,365,109,261,243,352,66,314,109,239,221,301,26,65,96,50,47,1,0,146,31,32,36,54,6,30,8,39,61,20,37,18,12,11,7,3,62,18,28,0,84.89031842,34,90,24,32,7,7,10,7
E00000136,362,119,287,267,347,44,344,118,269,250,335,27,46,112,51,48,2,0,141,25,65,46,33,8,11,19,32,77,23,31,25,15,14,8,1,91,2,24,0,106.9710691,34,108,32,57,5,11,7,2
E00000137,401,144,302,286,385,55,360,143,275,253,351,29,64,109,58,46,2,0,179,49,35,24,8,5,84,9,24,92,27,32,18,13,34,16,3,67,48,28,0,111.8188834,41,96,23,66,8,4,32,6
E00000138,375,122,261,238,347,56,296,119,214,180,281,39,68,106,46,28,6,0,193,59,21,12,17,8,52,9,21,64,22,39,11,14,17,15,3,63,34,24,0,75.25576728,21,74,24,30,9,6,27,13
E00000139,422,141,303,273,405,67,330,134,251,207,316,33,81,103,57,51,6,0,211,45,12,13,16,15,89,8,27,83,25,41,20,25,13,14,2,60,64,17,0,116.3736681,23,79,19,34,6,5,46,11
E00000140,404,139,294,274,390,52,342,137,265,245,326,25,82,115,68,43,3,0,140,107,38,16,14,10,53,11,30,83,24,47,19,14,26,6,2,91,17,31,0,91.15508188,38,74,23,69,4,9,10,3
E00000141,366,142,217,213,341,75,354,141,213,207,310,47,97,127,36,10,0,0,191,35,9,12,2,6,92,16,19,72,16,37,5,3,48,31,1,15,115,12,0,52.92665232,16,87,33,21,20,1,47,18
E00000142,365,157,239,227,334,60,324,157,225,203,288,53,69,116,45,33,2,0,183,39,9,21,10,5,69,17,14,92,21,32,10,17,44,29,2,26,105,26,0,107.4820791,24,81,25,25,14,3,54,17
E00000143,280,108,202,189,263,33,310,111,234,212,297,29,44,91,42,19,7,0,101,50,13,21,12,12,54,5,20,71,17,25,10,8,36,9,2,69,19,19,0,99.42448272,27,76,21,49,3,8,13,5
E00000144,280,109,224,188,266,29,286,111,223,194,275,26,27,69,34,59,3,0,111,41,56,21,30,3,4,7,17,78,18,24,29,15,16,5,2,91,0,16,0,99.53345785,34,77,22,43,1,7,1,3
E00000145,200,108,184,120,197,3,218,117,205,137,216,6,9,37,14,95,6,0,121,27,22,12,5,3,3,3,2,97,14,8,34,36,13,2,1,92,1,13,0,166.3477218,31,54,22,33,1,11,5,0
E00000146,270,97,222,205,263,26,257,96,212,196,253,17,27,84,37,36,1,0,69,36,35,46,35,6,12,7,18,69,22,23,17,8,22,1,3,73,0,22,0,111.032525,39,67,24,56,2,8,4,0
E00000147,293,116,245,208,284,25,294,113,244,204,285,11,33,74,38,63,4,0,139,33,33,26,26,6,14,7,14,93,27,18,27,20,19,4,1,100,1,13,0,114.0110062,28,65,27,53,2,5,1,0
E00000148,150,102,137,85,148,3,152,101,143,76,148,4,8,21,11,72,6,0,121,11,8,5,0,1,1,1,1,93,4,4,18,42,29,2,3,45,45,7,0,216.5959567,15,30,9,25,0,8,4,0
E00000149,330,119,262,245,321,31,309,117,225,213,294,16,46,83,55,35,0,0,112,64,29,27,16,7,44,21,19,81,31,30,16,12,22,6,1,78,9,31,0,73.78787198,26,89,28,53,2,7,16,0
E00000150,404,126,317,301,390,58,388,121,291,278,369,23,57,121,57,45,1,0,232,44,25,44,15,5,26,5,18,79,30,37,24,11,14,6,2,77,31,18,0,92.67525429,49,108,32,45,5,7,19,14
E00000151,480,146,350,323,453,67,424,143,324,305,408,42,80,162,41,59,1,0,115,86,71,66,53,6,40,15,46,82,27,46,20,15,20,7,9,99,0,45,0,71.40837064,29,109,33,87,10,9,6,6
E00000152,305,118,237,195,288,32,283,124,234,193,268,25,39,78,36,67,5,0,133,27,33,50,16,6,14,15,21,85,17,22,18,33,17,5,5,76,0,10,0,120.6110773,33,74,15,62,2,13,1,1
E00000153,343,129,276,241,332,23,343,131,278,235,333,18,42,88,53,65,4,0,162,39,50,20,10,5,36,13,12,95,31,25,27,21,16,7,2,107,5,16,0,92.61131235,40,101,35,41,1,2,5,4
E00000154,331,133,253,234,317,23,279,128,230,211,262,21,53,112,49,34,2,0,117,69,40,11,25,7,42,5,18,93,32,25,11,14,36,6,4,70,1,58,0,101.8979663,33,69,27,69,9,5,19,3
E00000155,405,145,311,286,383,41,305,142,239,212,285,38,55,165,51,47,3,0,138,80,34,55,30,11,37,5,26,89,19,36,17,24,29,17,1,77,22,45,0,90.66524076,27,74,27,58,10,9,23,6
E00000156,360,135,271,241,347,39,338,136,275,219,323,27,55,93,52,49,6,21,200,52,14,8,8,7,47,11,18,90,28,27,18,19,25,10,5,82,26,23,0,135.538201,43,83,21,42,5,9,23,9
E00000157,349,120,239,228,332,57,291,116,206,185,269,26,78,111,44,26,0,0,138,66,18,21,0,12,66,15,18,66,24,36,10,7,25,14,2,69,33,17,0,93.52050928,19,78,18,34,11,3,14,13
E00000158,397,146,295,264,379,50,377,146,270,236,360,30,66,122,43,54,3,0,207,64,13,21,8,12,37,13,19,96,28,33,14,28,26,12,4,47,59,40,0,112.1002714,39,90,19,49,11,3,49,9
E00000159,371,124,263,244,361,68,316,120,224,206,292,30,69,114,50,29,2,0,175,63,14,9,10,9,68,21,22,60,27,36,12,10,11,24,3,48,60,16,0,114.4485635,28,62,21,47,10,6,23,24
E00000160,444,126,321,312,428,81,407,124,276,268,388,23,92,128,61,24,1,0,297,37,4,14,10,14,43,18,21,67,40,44,11,7,9,11,2,17,63,46,0,83.85675261,40,110,31,23,9,1,50,29
E00000161,397,130,270,253,379,70,314,120,230,211,296,35,90,114,51,38,1,0,156,77,13,26,12,9,69,18,43,65,16,49,11,17,21,10,4,33,62,35,0,100.2415101,25,82,22,45,9,5,38,11
E00000162,315,111,229,214,302,44,257,111,191,179,249,29,51,96,38,33,0,0,113,74,9,26,26,5,45,5,20,68,17,32,9,18,24,9,1,44,38,29,0,114.3838705,24,43,17,38,4,3,34,5
E00000163,568,190,338,329,513,125,286,111,187,176,262,90,131,211,50,17,0,0,220,80,5,14,13,18,182,19,39,78,33,68,8,4,33,42,1,28,148,14,0,65.97732812,27,68,16,48,17,5,34,25
E00000164,460,154,291,271,435,109,411,148,263,225,375,40,117,112,57,41,0,0,162,70,0,21,5,13,146,20,54,75,19,47,9,23,24,27,2,30,74,43,0,92.13537978,24,91,27,49,16,5,55,24
E00000165,332,113,239,217,313,50,305,107,236,210,289,24,64,99,39,46,2,0,129,64,10,30,12,12,38,18,25,66,14,38,16,16,20,3,3,68,25,20,0,111.7227187,27,69,20,57,9,8,15,5
E00000166,189,94,148,130,185,21,207,90,174,127,192,9,31,66,23,31,1,30,90,41,5,2,2,7,35,7,10,74,12,16,7,20,35,3,1,32,52,10,0,164.7219367,24,44,19,34,9,2,34,4
E00000167,305,104,240,221,297,43,302,103,232,216,283,16,45,89,47,44,1,0,131,74,9,1,58,5,20,1,15,70,25,22,19,11,15,7,4,76,9,19,0,66.4100896,26,74,20,39,3,5,9,3
E00000168,515,161,369,339,494,94,401,149,307,284,390,38,100,128,82,55,0,0,279,71,2,14,18,14,101,9,22,89,35,52,24,15,15,16,4,93,42,26,0,85.97296274,43,102,29,50,11,5,21,16
E00000169,353,143,261,239,346,63,306,129,218,191,276,25,64,85,52,58,4,0,215,35,4,6,5,5,71,2,20,90,19,29,20,28,23,19,4,45,88,10,0,107.2491691,33,80,15,25,8,4,55,10
E00000170,439,137,334,305,421,73,366,134,278,247,355,32,66,114,58,52,3,0,209,65,16,13,10,10,104,10,30,85,33,35,24,14,14,13,3,70,48,18,0,91.78512862,33,96,24,41,7,8,21,9
E00000171,385,134,299,279,373,61,330,134,257,229,316,19,62,110,56,52,0,0,217,65,2,3,18,9,60,7,28,85,28,36,24,16,17,12,0,62,56,14,0,140.8111029,41,79,20,32,8,7,27,7
E00000172,454,152,347,326,437,67,438,156,330,306,418,34,67,139,70,49,0,0,261,100,3,9,4,9,56,6,19,93,39,45,18,16,20,10,4,83,49,18,0,104.8343874,49,121,25,48,8,5,28,5
E00000173,482,154,359,340,459,90,474,139,356,293,450,33,80,140,81,36,2,67,200,112,13,8,9,19,107,5,45,88,32,50,12,10,34,13,2,73,28,50,0,128.5672656,56,102,27,77,13,2,26,21
E00000174,377,129,289,267,357,62,332,127,273,260,317,28,56,113,52,43,1,0,148,98,6,5,19,9,64,2,28,82,32,31,20,10,20,11,5,95,1,33,0,64.69115092,24,111,24,50,6,10,5,10
E00000175,406,123,297,268,388,65,353,121,258,248,337,31,70,118,53,46,3,0,172,72,0,3,19,7,107,12,32,70,24,38,13,10,23,11,4,52,24,45,0,72.98012305,18,92,18,72,11,2,23,9
E00000176,382,119,294,267,363,55,332,120,267,245,320,24,57,106,52,51,3,0,204,45,7,9,38,8,47,18,22,77,26,27,22,13,16,9,6,97,0,20,0,71.53793226,34,108,24,44,3,8,3,2
E00000177,187,87,142,129,179,28,149,84,124,117,141,15,28,65,25,16,1,0,72,51,2,10,4,21,20,2,17,65,10,14,5,9,41,6,0,32,19,33,0,97.92235282,1,45,9,27,7,4,13,4
E00000178,399,128,308,285,386,53,388,132,303,287,365,25,59,109,66,46,0,0,181,72,22,18,14,8,72,8,27,78,34,35,18,13,13,7,5,91,5,32,0,81.91356458,32,100,33,72,8,3,10,2
E00000179,389,123,283,262,371,63,325,110,240,225,304,30,67,108,52,42,1,0,112,81,30,8,71,5,68,4,50,74,26,38,16,14,18,9,2,84,2,36,0,74.98470474,23,76,30,47,10,7,7,6
E00000180,333,97,256,236,321,52,308,100,237,208,289,17,56,95,53,35,0,0,93,53,16,7,52,24,72,1,27,59,21,29,18,8,12,4,4,70,1,21,0,79.82802286,38,72,18,71,4,6,6,6
E00000181,298,122,252,227,292,9,469,121,408,386,462,11,33,80,51,53,2,141,231,29,7,1,4,0,15,3,2,96,25,16,22,10,39,3,4,107,2,13,0,75.51261649,39,178,53,65,1,4,3,2
E00000182,339,110,263,241,326,41,313,110,234,214,303,26,46,94,38,43,2,0,217,44,11,15,9,1,31,0,13,73,28,28,12,19,14,5,4,83,11,16,0,63.78746893,21,93,21,35,1,5,12,1
E00000183,297,119,247,212,289,29,281,116,227,196,272,12,35,72,48,55,6,0,186,47,13,8,1,9,9,1,18,94,27,20,28,17,22,3,2,93,7,17,0,105.2479289,29,83,24,43,2,8,9,3
E00000184,366,119,299,281,351,29,344,117,295,280,339,25,37,97,44,42,1,0,262,41,4,7,15,5,8,7,15,77,39,36,17,13,8,2,3,110,1,8,0,79.94812668,45,131,40,46,1,2,1,1
E00000185,285,103,236,220,279,15,298,99,243,233,290,14,29,87,41,31,1,0,214,30,4,9,9,1,2,7,6,79,33,19,15,11,20,4,0,91,1,8,0,93.82107826,33,96,32,55,0,8,1,1
E00000186,382,126,300,268,369,46,343,126,272,243,334,24,54,94,53,59,1,0,232,51,16,10,16,10,33,5,11,82,34,35,28,10,10,6,3,111,0,15,0,79.78149817,38,94,33,48,2,6,3,3
E00000187,327,119,247,222,313,55,296,117,228,203,284,26,47,78,50,44,4,0,160,49,2,11,29,4,62,8,19,85,24,23,11,28,22,8,1,46,54,19,0,104.3163017,31,70,16,43,4,5,41,12
E00000188,299,108,242,219,282,23,256,108,219,187,244,24,33,83,30,48,4,0,196,57,6,2,8,3,10,5,9,75,30,22,19,16,10,6,5,81,18,9,0,135.8268898,32,74,26,24,3,4,13,0
E00000189,294,113,249,204,280,13,289,113,244,214,281,18,24,65,54,63,1,0,191,46,6,7,6,4,20,1,5,89,34,18,29,14,12,4,2,95,3,14,0,96.81001441,46,92,23,47,1,8,3,2
E00000190,260,106,198,176,246,30,254,103,205,181,243,26,34,62,38,46,4,0,176,28,8,3,0,5,31,6,7,72,17,19,17,17,21,11,3,67,29,10,0,88.85165141,32,73,21,28,1,6,17,8
E00000191,310,111,234,215,296,28,288,129,234,216,271,29,42,105,41,36,1,0,194,44,9,18,3,5,28,1,8,75,21,23,12,16,26,10,3,85,0,25,0,83.81082622,14,85,43,51,4,6,6,5
E00000192,316,129,246,226,297,19,326,130,262,246,308,32,33,116,42,27,6,0,171,47,13,10,6,1,48,8,11,88,27,33,12,13,36,7,1,110,0,19,0,97.04146356,22,84,33,77,2,6,5,1
E00000193,305,113,237,224,287,25,305,130,230,228,285,31,33,106,39,32,0,0,158,69,6,10,2,16,32,5,12,77,20,26,11,11,35,8,1,67,14,32,0,56.24533938,36,83,28,62,2,1,13,2
E00000194,317,132,270,232,310,17,339,135,288,246,331,15,30,78,46,62,3,8,246,15,16,6,1,5,19,6,4,105,34,23,30,15,26,3,1,115,2,14,0,110.781953,32,93,24,51,3,7,4,1
E00000195,408,170,336,283,394,33,452,132,367,265,442,22,47,112,67,54,16,96,287,47,5,7,9,11,15,6,8,107,40,48,12,11,44,13,1,75,13,80,0,172.0164552,32,124,25,51,5,1,27,6
E00000196,318,142,248,201,311,38,318,144,258,219,305,17,51,68,38,74,5,0,205,33,7,0,12,1,51,2,10,107,22,30,18,47,20,5,0,80,2,53,0,121.2746525,24,84,23,52,1,5,40,4
E00000197,285,110,220,194,270,28,315,120,237,205,299,23,40,79,41,39,4,0,174,36,13,3,6,4,32,12,8,71,23,29,16,14,18,7,2,93,0,16,0,83.61734168,41,76,30,40,5,8,4,2
E00000198,252,99,136,135,229,74,216,99,143,138,190,47,66,94,16,5,0,0,132,15,2,3,5,8,60,19,22,43,7,22,3,1,32,32,0,2,95,2,0,72.22738897,13,55,19,19,14,0,51,26
E00000199,437,153,307,290,406,79,386,153,281,271,354,46,79,148,46,37,2,4,148,75,9,39,31,9,96,17,40,87,22,50,12,15,38,10,4,54,45,53,0,73.68946412,30,86,38,65,11,7,37,10
E00000200,369,128,272,261,354,66,358,126,257,252,334,29,64,120,45,35,1,0,193,79,10,10,17,5,44,6,27,72,28,41,12,15,17,11,3,66,43,19,0,80.7611912,38,102,24,43,7,3,22,9
E00000201,392,119,287,280,367,74,334,119,249,239,312,34,60,140,53,25,0,0,63,112,36,39,31,15,57,10,54,67,30,43,7,9,21,5,4,72,7,39,0,79.12179982,28,66,24,75,11,4,10,4
E00000202,383,132,260,233,363,86,345,130,252,230,321,35,79,127,49,39,1,0,172,75,3,9,28,6,81,2,43,71,20,44,15,14,22,15,1,73,38,20,0,89.20047142,28,66,22,41,11,3,20,5
E00000203,408,127,296,293,391,77,375,128,252,242,353,36,70,133,50,29,1,0,155,88,12,16,23,14,87,6,37,69,29,41,15,4,21,13,4,76,20,31,0,82.4435902,29,85,16,46,7,1,18,8
E00000204,383,124,262,252,357,75,334,123,243,229,319,44,71,124,38,25,1,0,142,102,14,17,18,8,73,5,30,66,30,43,10,10,16,14,1,58,44,22,0,78.02848907,27,92,25,40,9,4,20,14
E00000205,521,163,346,334,484,121,402,141,275,257,358,65,106,182,48,22,0,2,160,90,21,30,76,22,87,11,56,75,27,56,8,7,33,24,4,59,56,45,0,78.44201005,38,80,25,58,19,6,53,28
E00000206,337,134,235,225,313,63,288,128,208,195,256,39,61,115,39,19,3,0,114,54,9,11,23,16,88,13,30,86,24,31,8,10,44,15,0,41,58,35,0,107.4944578,29,57,19,37,10,1,38,9
E00000207,334,103,231,217,315,76,274,105,214,201,264,29,69,109,34,38,2,0,120,70,13,10,12,16,65,13,40,52,16,36,13,12,11,11,4,49,34,19,0,105.3817737,35,69,11,38,7,5,25,10
E00000208,428,144,290,275,403,84,407,145,286,268,382,43,87,111,58,32,1,0,183,95,11,18,16,4,86,7,46,73,29,50,14,11,19,17,2,72,37,34,0,78.04206483,37,90,27,48,11,2,31,14
E00000209,329,118,261,244,318,54,330,118,241,225,321,16,49,95,50,35,2,0,160,51,4,9,13,10,72,3,24,75,27,32,17,10,21,6,3,65,29,23,0,70.38645693,36,86,20,40,9,4,15,7
E00000210,475,141,334,313,435,70,346,127,253,226,329,59,75,164,55,30,3,0,133,147,42,37,47,8,45,5,34,78,29,40,14,11,24,16,3,54,44,42,0,81.36929219,19,77,17,53,5,3,29,12
E00000211,419,126,274,264,390,104,377,129,269,257,355,44,96,135,47,27,1,0,144,61,13,36,45,8,86,6,55,65,21,45,13,9,22,12,2,46,53,27,0,76.82586833,39,93,21,54,11,3,32,26
E00000212,243,119,188,184,233,37,375,154,265,254,358,19,32,84,40,18,0,0,105,42,2,6,19,6,51,11,14,87,17,17,3,13,54,11,1,19,81,15,0,86.7284609,25,87,19,56,6,0,37,7
E00000213,378,144,277,249,356,71,331,143,260,245,316,36,63,131,34,55,2,0,154,62,18,42,21,8,54,12,37,89,21,44,21,23,24,10,0,47,72,23,0,120.3275485,28,75,18,50,7,5,39,13
E00000214,350,127,255,241,333,69,344,127,250,234,324,25,65,111,42,24,1,0,120,82,10,10,27,4,80,6,37,81,31,34,6,16,28,12,0,70,21,35,0,86.93540107,30,74,37,59,8,6,19,6
E00000215,340,105,247,235,329,79,315,104,213,204,300,19,71,100,44,32,0,0,142,66,2,7,22,6,72,9,35,64,31,30,15,6,12,7,2,55,29,21,0,76.31790192,32,73,26,45,9,7,15,9
E00000216,370,117,273,258,353,72,309,118,233,202,297,29,60,118,40,38,2,0,141,64,15,25,22,10,73,4,43,66,28,35,16,14,8,11,4,44,56,17,0,97.4339967,20,79,22,40,9,2,31,14
E00000217,293,112,222,210,281,53,284,114,210,198,269,22,45,97,43,28,1,0,137,46,9,9,8,4,67,4,18,72,30,28,15,7,20,12,0,58,35,18,0,87.10236851,29,72,15,46,5,6,17,0
E00000218,365,125,283,263,349,59,291,114,231,206,279,29,46,114,48,38,2,0,132,69,2,46,39,7,51,4,36,80,31,30,18,9,22,11,4,61,43,21,0,115.7527365,45,74,15,43,6,5,27,8
E00000219,337,122,253,236,323,60,319,118,235,216,304,25,55,104,49,38,3,0,161,65,3,7,16,8,70,3,25,76,29,34,17,11,19,8,3,61,35,24,0,101.0543247,21,89,20,43,3,6,20,9
E00000220,313,105,234,225,297,45,290,104,213,198,272,24,53,97,52,21,3,0,66,94,19,31,16,16,42,10,36,66,28,31,6,10,22,5,3,54,21,29,0,83.21515075,24,80,8,38,6,6,11,7
E00000221,410,141,300,288,392,73,375,141,264,241,350,37,68,129,55,35,1,0,216,68,16,15,6,11,50,12,23,81,27,42,15,12,27,17,1,57,47,37,0,99.30565432,38,87,36,22,9,3,42,13
E00000222,450,142,296,285,424,102,390,143,275,256,362,44,104,159,54,20,4,0,83,119,38,45,30,22,89,3,81,72,23,49,7,10,32,19,1,76,13,51,0,73.9027871,28,81,20,76,7,5,10,6
E00000223,354,139,254,245,336,72,317,136,242,233,303,33,62,128,47,18,1,0,85,72,18,35,30,23,78,3,52,86,25,33,3,11,47,17,2,32,63,37,0,99.56651048,28,85,17,58,9,5,44,14
E00000224,424,122,288,268,400,74,371,121,259,245,348,43,86,134,49,29,3,0,119,112,6,24,15,15,104,14,35,58,27,50,14,7,10,10,3,52,36,33,0,78.23362783,29,92,18,54,6,4,22,5
E00000225,370,134,269,252,355,77,321,129,227,210,297,33,63,108,49,36,2,0,119,68,11,21,28,6,90,5,51,78,22,42,16,11,29,10,1,55,53,26,0,79.20031245,31,60,22,52,11,3,28,6
E00000226,300,107,221,205,290,49,294,110,231,212,282,24,51,85,35,26,5,0,149,44,10,6,30,7,41,2,27,60,20,36,12,11,17,10,0,40,43,22,0,104.8932496,28,68,20,51,3,4,31,9
E00000227,405,122,311,292,387,57,337,121,259,236,319,34,57,127,59,42,2,0,95,105,15,48,59,7,48,6,41,74,26,38,19,12,17,7,3,74,20,26,0,99.24432473,30,73,30,47,4,9,25,6
E00000228,429,135,309,283,399,72,385,133,295,268,369,48,69,149,48,42,3,5,86,78,48,72,49,12,55,15,48,76,25,43,15,12,24,7,8,79,6,47,0,105.2567638,27,83,26,66,8,10,10,9
E00000229,407,129,305,285,387,63,399,130,306,292,379,27,67,123,57,41,0,0,115,96,23,41,29,11,62,12,41,77,27,36,15,8,27,8,7,77,10,40,0,90.22799355,35,92,26,66,7,4,10,5
E00000230,380,114,295,279,365,69,356,114,260,239,344,28,51,122,46,33,0,0,97,83,29,38,52,11,47,5,45,71,31,36,17,6,17,4,2,61,31,21,0,86.52153455,30,86,21,47,3,6,15,12
E00000231,360,104,263,244,350,66,301,104,213,189,287,14,76,92,52,47,1,0,143,59,9,41,53,5,28,9,40,59,19,35,18,12,10,3,5,53,40,11,0,101.31625,31,53,21,40,3,4,25,11
E00000232,399,122,304,286,381,71,364,122,274,249,347,26,62,123,56,37,6,2,117,74,16,38,70,12,60,1,40,72,28,38,15,16,13,9,2,61,48,12,0,103.2166297,42,69,29,59,3,5,23,15
E00000234,450,154,319,298,423,78,375,151,276,252,347,41,84,151,52,33,5,0,110,120,20,38,26,19,81,9,53,90,27,46,14,14,35,12,3,68,50,35,0,92.34703391,29,62,30,60,11,4,35,10
E00000235,389,115,235,229,361,112,312,121,204,196,281,41,108,118,39,11,0,0,73,68,10,40,33,10,131,5,92,48,14,49,1,8,25,15,2,18,92,5,0,65.5045195,11,73,15,32,12,0,42,25
E00000236,305,113,234,206,288,49,278,116,215,187,261,26,40,86,61,45,1,0,113,41,28,27,21,5,49,3,37,76,22,32,20,18,16,4,0,62,37,14,0,106.7434518,28,49,19,41,6,5,19,7
E00000237,481,152,336,313,463,95,368,156,297,259,352,37,104,143,62,43,3,0,141,132,27,56,38,20,42,4,59,86,33,42,13,22,18,17,5,60,54,38,0,127.999019,27,76,23,64,9,8,37,9
E00000238,367,118,244,241,346,91,334,120,212,209,299,30,90,120,49,8,0,0,56,79,9,16,30,13,132,11,72,58,25,39,3,4,26,18,1,4,101,13,0,83.44671049,17,70,23,32,18,1,41,23
E00000239,259,72,166,164,251,73,421,141,259,258,385,23,62,75,37,7,0,0,31,46,8,28,1,11,111,9,55,29,11,27,4,0,14,15,0,7,56,9,0,59.6117071,28,76,17,53,9,0,29,16
E00000240,422,158,304,300,401,88,414,156,279,277,379,31,77,147,50,23,0,0,106,96,11,8,18,8,148,9,53,92,32,46,7,11,42,15,4,28,112,18,0,77.47416645,31,60,20,86,6,2,56,24
E00000241,283,112,195,188,266,52,315,132,222,206,293,34,51,88,35,14,0,0,61,53,4,13,28,11,107,4,40,62,14,27,4,7,37,14,3,11,92,8,0,102.0131569,17,70,12,39,17,2,32,10
E00000242,311,109,206,199,291,64,272,107,190,181,252,32,69,98,28,29,0,0,50,62,0,19,21,16,128,5,46,59,18,33,13,11,17,16,1,21,67,20,0,95.86120335,18,46,19,43,8,1,38,11
E00000243,524,149,313,309,499,151,476,153,289,287,429,54,143,160,53,13,0,0,55,88,15,30,21,22,247,6,107,56,21,68,3,6,26,17,3,17,122,10,0,49.9121873,32,76,30,65,17,1,61,38
E00000244,362,132,236,223,344,87,339,133,229,203,310,37,82,106,56,25,1,0,107,63,8,41,13,12,99,5,47,68,21,36,8,11,28,22,4,31,87,14,0,85.16782894,33,61,18,55,12,3,38,18
E00000245,427,120,249,247,411,135,393,121,226,226,360,37,128,123,52,7,0,0,68,72,7,27,25,14,184,11,95,41,15,51,4,2,20,22,0,11,99,10,0,51.71810927,27,63,35,49,16,3,40,28
E00000246,360,103,256,244,341,50,346,109,258,237,327,35,64,124,43,27,0,0,54,90,95,43,17,12,20,4,40,58,21,31,12,7,18,10,3,59,8,32,0,97.13931462,38,58,28,86,4,10,7,2
E00000247,458,128,346,331,434,71,393,121,267,250,362,34,74,180,50,42,0,0,54,136,104,67,24,14,33,0,51,73,30,42,18,9,16,7,4,67,4,55,0,71.3333725,32,56,22,81,8,9,12,7
E00000248,230,94,166,163,218,48,350,131,237,232,328,17,43,73,30,8,0,0,38,53,1,10,7,11,99,2,26,59,18,22,3,3,35,9,1,6,80,7,0,80.35868826,30,72,17,56,12,1,13,12
E00000249,343,137,254,229,319,45,285,140,226,203,270,35,51,121,31,52,2,0,81,78,34,34,30,14,55,10,36,95,18,33,11,36,30,8,0,29,66,42,0,129.740381,21,41,18,56,10,4,44,8
E00000250,289,83,178,174,272,72,445,161,299,296,414,31,73,101,25,10,0,0,13,59,33,21,19,9,109,1,56,31,11,33,4,1,15,14,2,15,39,26,0,48.11581153,26,83,23,74,6,1,22,9
E00000251,54,32,45,44,53,6,417,162,269,264,384,3,6,27,7,3,0,0,20,7,1,2,7,0,17,0,4,25,4,4,1,2,18,3,0,5,25,1,0,105.2959307,27,79,23,55,1,2,9,1
E00000252,383,132,284,265,360,56,336,127,271,254,322,38,58,136,42,36,3,0,86,108,23,54,34,16,37,9,44,81,29,34,15,9,28,11,4,69,8,53,0,79.30679156,22,75,31,76,9,6,8,4
E00000253,404,133,259,255,381,92,353,136,255,244,323,42,98,155,39,19,1,0,65,107,50,37,35,9,80,6,75,63,16,51,5,9,33,14,5,37,53,40,0,75.1606741,14,68,21,77,17,2,36,13
E00000254,22,13,17,17,20,2,340,124,212,208,305,2,3,10,1,0,0,0,4,2,2,2,1,0,9,0,2,10,2,1,0,0,8,1,0,0,10,3,0,60.9918029,9,59,22,44,0,0,0,2
E00000255,318,127,234,220,304,62,377,125,246,241,334,22,60,114,37,27,4,0,77,71,33,41,15,16,36,5,48,80,21,35,13,12,34,11,1,63,15,48,0,64.22529495,36,68,25,75,9,5,14,12
E00000256,180,66,131,126,174,38,385,147,258,254,360,10,32,67,23,12,0,0,40,23,10,23,11,11,48,7,23,38,14,18,4,6,14,8,1,19,32,14,0,86.22954027,25,69,32,64,10,2,9,7
E00000257,390,128,296,282,370,63,330,133,244,218,308,31,60,132,58,27,1,0,92,104,33,43,27,17,41,13,48,79,30,40,10,13,26,8,1,53,49,25,0,118.4177185,29,72,22,42,6,7,30,8
E00000258,24,20,22,22,24,1,330,124,207,206,299,0,2,15,2,0,0,0,4,6,1,2,1,0,9,0,1,18,3,0,0,0,15,0,0,20,0,0,0,60.42787671,22,64,22,42,0,0,0,0
E00000259,286,112,210,204,270,40,316,105,217,212,292,28,46,112,33,21,0,0,70,71,18,45,11,15,39,3,32,68,26,27,6,11,25,13,2,59,4,49,0,55.98871323,26,61,24,52,14,3,6,0
E00000260,257,89,178,164,249,54,307,112,220,204,287,22,53,89,25,18,3,0,52,48,13,26,38,12,57,2,42,50,18,25,5,10,17,9,2,27,48,14,0,74.1332183,19,56,20,55,6,4,25,12
E00000261,245,112,181,169,234,45,242,105,179,167,225,19,41,78,46,19,3,0,77,48,18,15,27,7,40,3,30,74,19,22,8,8,39,11,1,49,39,22,0,112.5356536,17,49,14,39,7,4,28,5
E00000263,604,204,415,397,579,128,596,215,391,365,550,52,129,189,83,40,1,12,110,144,31,52,22,15,194,12,91,113,46,58,11,19,37,26,4,46,78,80,0,83.65710934,48,90,24,103,12,4,53,23
E00000264,324,92,210,206,305,80,395,126,232,228,361,34,76,98,50,9,0,0,36,72,8,19,30,10,135,6,60,43,23,38,4,3,13,10,1,5,79,8,0,50.97621306,26,66,17,52,7,4,21,17
E00000265,321,134,233,202,311,55,294,133,227,200,278,23,60,87,32,57,4,0,119,47,8,7,15,15,98,6,28,89,17,30,10,40,22,12,3,41,48,45,0,113.7300214,19,70,19,47,13,3,40,8
E00000266,381,129,295,279,365,61,344,128,255,234,330,31,49,112,53,36,4,0,214,60,4,13,9,4,55,6,27,85,42,30,16,15,12,12,1,69,39,20,0,102.5763852,30,85,26,46,3,5,28,13
E00000267,315,114,238,224,296,47,313,110,233,217,291,27,44,95,51,29,3,0,141,65,9,19,0,3,69,4,20,68,27,27,11,10,20,14,4,65,30,19,0,86.9712205,27,83,18,49,8,6,19,6
E00000268,363,145,261,239,342,64,349,136,251,235,332,39,58,98,59,38,4,0,197,65,6,7,6,7,57,10,22,95,36,29,11,28,20,19,0,59,40,45,0,108.0019271,39,115,16,37,14,4,41,10
E00000269,421,137,297,285,400,87,392,135,289,270,370,38,75,113,58,32,1,0,199,56,16,15,9,7,80,15,35,74,32,43,14,10,18,17,2,74,38,25,0,101.6415801,48,86,33,51,8,4,24,16
E00000270,408,123,289,274,390,88,379,124,262,243,353,36,76,126,52,29,3,0,185,93,6,22,24,14,46,8,45,64,29,45,12,10,13,13,1,63,36,24,0,61.68240375,20,100,17,45,7,4,23,16
E00000271,349,110,248,240,334,70,318,111,226,215,302,27,62,99,53,25,1,0,150,63,8,13,11,3,77,14,31,60,26,41,16,4,14,7,1,57,28,25,0,69.8314087,27,76,27,50,6,5,15,8
E00000272,407,132,296,278,395,82,355,132,256,230,338,24,80,116,66,41,3,0,182,100,6,13,8,5,76,6,32,76,31,42,18,10,17,11,1,79,36,17,0,83.01506297,33,82,24,35,3,3,22,8
E00000273,379,112,260,243,358,81,306,109,234,215,296,36,77,109,50,34,2,0,167,85,3,8,18,15,63,4,41,58,28,45,16,7,7,6,2,61,33,17,0,105.9438804,32,84,10,42,5,6,24,16
E00000274,333,108,232,220,317,67,321,109,221,205,304,33,63,101,29,34,1,0,157,81,0,1,8,2,73,7,33,56,23,33,11,12,10,13,4,53,38,17,0,84.16996439,25,84,13,34,7,3,18,9
E00000275,381,158,303,270,375,57,356,165,282,241,340,14,59,107,50,67,7,1,197,64,12,18,25,5,46,3,26,118,27,27,18,43,30,9,3,55,47,51,0,174.5348197,30,94,15,39,10,9,52,8
E00000276,577,193,395,364,539,112,503,193,356,326,468,65,112,162,83,49,5,42,320,55,7,12,20,14,132,11,31,105,42,54,9,10,44,28,1,16,30,145,0,117.0020735,42,126,31,59,17,3,63,27
E00000277,360,132,261,256,336,59,331,136,231,227,307,40,53,114,54,20,0,0,144,82,7,11,12,2,75,15,22,78,37,34,8,6,27,19,0,36,46,49,0,82.27104291,25,86,26,56,7,6,25,2
E00000278,325,114,230,217,305,60,285,106,222,208,276,33,57,103,41,26,1,0,125,66,2,19,13,10,71,12,35,62,23,35,14,8,17,14,1,40,21,51,0,102.2990411,27,59,14,49,12,8,26,5
E00000279,218,107,151,146,204,36,219,105,157,153,196,28,39,71,35,14,0,0,67,52,0,4,6,8,65,9,17,64,12,21,3,8,41,18,0,25,2,80,0,85.17152241,12,59,10,40,15,5,20,8
E00000280,268,97,192,184,255,51,249,100,182,172,231,27,45,87,24,23,2,0,115,58,13,5,8,6,53,6,30,57,17,24,12,9,19,14,2,37,31,29,0,107.6990764,26,64,22,26,8,5,26,6
E00000282,327,114,246,235,316,52,314,114,230,214,294,20,54,103,40,25,2,0,152,63,9,12,17,2,53,10,24,67,29,32,11,12,15,12,2,54,39,20,0,82.21575479,31,81,21,34,6,4,23,12
E00000283,341,111,255,242,328,67,311,111,228,216,287,19,62,116,43,29,1,0,152,59,5,15,31,6,62,4,30,65,27,34,10,11,17,8,4,55,31,24,0,97.92763773,30,80,20,41,7,9,29,9
E00000284,395,126,280,269,377,91,329,127,251,229,316,33,77,118,47,32,2,0,185,102,0,10,27,10,49,6,39,66,28,44,14,12,12,14,1,65,37,24,0,112.9961198,25,78,16,40,8,3,33,17
E00000285,317,89,225,218,296,64,275,92,195,184,257,27,59,94,41,20,0,0,149,63,5,3,14,2,71,4,30,43,21,34,9,3,10,10,2,54,20,15,0,94.15959915,31,69,5,35,3,5,12,10
E00000286,381,131,273,249,368,74,350,131,254,227,333,26,77,112,39,46,3,0,171,53,25,2,9,5,98,10,24,75,28,31,19,12,16,20,3,60,47,23,0,77.31675518,22,91,15,51,9,5,22,6
E00000287,392,134,281,267,380,91,374,133,272,257,342,26,75,133,45,47,3,0,147,107,5,17,4,10,71,9,48,75,20,41,21,12,22,13,4,50,41,41,0,80.18726907,30,96,22,62,11,4,30,17
E00000288,529,184,378,366,503,107,473,179,326,304,433,51,94,160,62,35,2,0,217,88,17,13,18,15,122,14,38,101,39,57,13,15,34,23,1,60,88,36,0,74.68310869,42,104,40,75,8,8,45,28
E00000289,335,118,247,233,316,59,303,118,225,207,283,28,57,101,42,29,2,0,179,63,1,1,6,3,61,11,20,68,29,30,7,16,16,15,5,64,35,19,0,87.73970938,23,65,21,45,10,4,17,4
E00000290,352,117,269,256,340,65,328,116,240,221,311,19,60,102,58,32,0,0,166,71,3,6,15,9,69,7,28,73,31,36,16,10,16,6,1,58,41,17,0,96.01063063,35,72,19,54,6,4,27,16
E00000291,315,109,253,240,301,46,294,105,221,212,279,22,35,97,49,35,2,0,163,66,5,13,10,5,46,6,18,71,29,23,15,10,17,11,3,57,32,20,0,92.47177292,31,83,25,38,4,5,23,8
E00000292,337,111,240,229,316,60,287,109,207,197,270,31,59,101,50,32,0,0,164,86,2,2,0,8,64,7,31,64,24,31,16,8,16,14,1,49,39,23,0,81.29557141,26,69,22,37,9,4,28,16
E00000293,352,106,266,220,326,54,311,104,246,190,299,31,51,86,46,56,19,42,186,53,7,10,10,7,64,10,21,65,25,23,14,10,16,11,5,43,49,12,0,156.4106379,29,74,18,29,5,2,30,4
E00000294,468,145,339,324,437,85,374,140,281,260,355,49,79,137,71,38,3,0,197,109,13,14,19,9,94,3,43,82,40,46,19,9,14,13,4,74,44,27,0,111.6034298,39,99,19,41,12,3,22,13
E00000295,341,124,263,244,331,57,310,121,229,209,289,23,48,103,48,41,2,0,179,72,1,3,12,4,66,3,23,81,28,30,12,20,21,10,2,68,38,16,0,113.4756316,32,72,19,33,7,6,24,11
E00000296,397,128,289,278,380,84,322,125,247,234,304,28,77,121,53,38,0,0,200,95,10,12,5,6,46,10,31,75,31,37,15,12,17,12,3,66,41,21,0,90.8197786,31,94,20,35,6,6,25,13
E00000297,377,132,265,242,362,83,352,126,267,236,332,32,77,109,41,47,0,0,195,35,20,11,28,7,62,11,25,77,25,34,21,14,17,17,2,70,41,21,0,102.0066736,28,96,18,46,6,4,25,14
E00000298,395,134,292,276,379,75,366,129,267,246,345,22,74,119,61,35,1,0,188,88,10,10,12,4,70,6,33,78,25,44,12,13,28,9,3,77,30,25,0,85.18927473,34,100,37,37,9,5,15,6
E00000299,350,130,267,228,333,49,301,116,231,197,289,28,49,81,42,61,9,0,162,61,6,10,10,11,76,0,28,86,20,33,24,27,15,6,1,78,37,15,0,119.6615041,35,79,23,38,5,7,29,4
E00000300,341,124,234,217,322,77,301,121,216,197,283,28,73,95,54,26,2,0,174,42,3,22,5,11,70,4,30,69,24,31,14,9,22,23,0,53,45,25,0,102.0581768,34,69,25,29,11,11,24,17
E00000301,451,147,304,280,431,116,352,132,240,204,328,38,102,117,58,47,5,0,211,61,6,12,7,15,124,11,41,80,20,47,21,23,16,17,2,60,59,28,0,93.26271626,32,70,24,53,11,6,38,16
E00000302,342,133,261,240,321,49,321,133,252,228,311,30,48,111,42,44,4,0,188,77,7,12,2,5,39,6,20,85,27,36,15,22,21,10,1,75,32,25,0,124.4680326,40,103,19,31,6,10,23,5
E00000303,403,143,276,267,388,106,358,143,257,241,334,31,85,124,65,24,0,0,226,59,16,36,5,6,35,9,44,77,30,43,9,9,29,20,0,74,50,17,0,80.74855867,23,93,34,38,7,4,29,18
E00000304,193,122,160,147,178,13,172,122,148,132,162,20,12,78,31,18,3,0,106,33,3,8,2,7,28,3,7,97,14,19,3,16,64,3,0,23,80,19,0,140.6514777,19,43,12,22,10,4,37,1
E00000305,471,161,339,321,451,104,446,136,319,316,426,28,94,136,62,32,2,57,232,63,6,17,13,8,104,15,31,94,34,51,8,18,34,15,1,11,138,12,0,57.02132056,22,104,20,92,11,2,65,42
E00000306,349,122,249,237,325,72,291,118,221,202,276,33,58,113,34,33,2,0,182,74,4,14,16,7,37,2,44,73,27,32,10,16,20,12,4,59,39,23,0,110.2841813,24,77,22,43,8,4,23,12
E00000307,398,146,301,280,377,62,382,146,290,272,360,37,56,100,52,51,1,0,176,75,3,6,29,9,87,2,31,100,29,32,22,16,33,12,1,73,38,34,0,85.97368324,25,118,21,46,11,6,25,5
E00000308,345,123,269,243,330,55,420,165,312,286,394,21,54,90,40,49,3,0,171,71,7,4,14,11,47,5,25,85,31,31,25,14,15,3,2,86,13,24,0,66.65180588,34,94,34,81,7,6,9,5
E00000309,323,117,197,192,303,93,263,114,163,158,240,38,79,102,29,12,1,0,153,30,8,10,3,10,94,10,33,56,13,34,4,7,32,25,1,12,96,9,0,79.79625707,21,77,9,22,11,1,48,22
E00000310,520,208,352,326,486,106,302,139,231,188,280,57,103,170,58,45,4,0,214,82,12,27,22,19,116,7,49,118,29,59,8,36,45,24,1,76,63,69,0,134.1952678,31,62,18,54,13,2,61,21
E00000311,453,141,319,298,431,83,397,135,291,272,380,36,94,126,52,42,6,0,173,78,5,12,2,9,158,10,35,80,36,44,16,17,11,14,3,86,20,35,0,87.64004851,49,117,26,56,5,3,25,10
E00000312,314,124,236,220,303,60,289,123,225,198,278,22,53,74,48,40,2,0,166,51,2,2,11,7,63,8,26,84,30,23,12,23,19,15,1,69,30,23,0,100.0168686,30,81,18,35,7,3,19,11
E00000313,464,147,327,302,445,85,420,144,330,293,403,38,95,140,66,51,1,0,137,98,17,18,10,14,153,10,44,85,26,44,20,12,27,13,4,101,10,32,0,98.40708637,46,101,41,74,5,4,7,8
E00000314,487,143,362,292,466,79,432,136,345,274,412,32,82,128,47,71,20,62,260,77,4,9,16,5,66,24,31,85,32,40,19,11,23,12,5,66,46,29,0,161.1556184,39,111,30,32,9,8,27,12
E00000315,299,111,220,203,292,66,284,112,204,184,263,13,61,93,41,25,3,0,142,67,16,5,0,8,40,15,32,65,24,33,12,11,18,11,1,50,39,22,0,119.707459,30,68,20,28,7,2,32,2
E00000316,421,144,291,272,400,85,357,134,254,233,336,44,81,134,47,40,2,0,141,123,7,16,7,13,91,9,55,78,21,45,13,14,30,16,4,78,19,47,0,78.74409477,23,82,18,53,5,10,15,8
E00000317,247,105,163,159,228,57,233,103,155,147,212,35,46,91,25,8,2,0,133,32,1,0,2,5,66,7,16,58,22,22,2,8,26,24,0,17,80,8,0,108.0097518,18,59,14,31,7,3,44,11
E00000318,217,111,177,173,208,25,213,112,179,164,201,18,21,58,53,20,0,0,102,35,1,6,6,0,59,2,14,89,19,15,6,11,53,4,1,26,74,11,0,141.6360578,28,61,15,32,5,1,32,4
E00000319,346,125,264,229,331,60,280,125,225,182,270,23,56,95,43,60,6,0,183,67,4,2,10,4,63,2,26,87,19,29,20,34,14,6,3,56,54,15,0,118.7220129,28,67,17,37,8,4,43,7
E00000320,440,140,325,305,422,75,409,137,288,261,389,34,72,121,55,49,2,0,175,84,17,8,18,16,96,7,36,80,30,45,22,11,17,10,3,102,0,37,0,77.66726912,42,103,24,66,6,8,9,2
E00000321,306,128,236,209,297,48,291,123,238,196,277,18,49,97,34,44,4,0,163,53,9,16,2,3,42,7,23,91,27,23,15,20,29,10,3,58,50,19,0,142.3073732,26,62,14,45,9,7,30,8
E00000322,361,132,257,242,347,74,321,129,241,218,297,26,72,111,39,35,0,0,171,71,12,15,11,6,54,3,37,87,28,33,15,16,28,11,1,66,36,30,0,117.9579122,27,76,25,39,6,8,27,6
E00000323,265,126,220,189,262,38,242,126,194,152,233,7,36,63,50,54,6,0,153,50,7,0,11,1,34,0,14,101,23,18,9,47,22,4,2,39,78,9,0,160.2954113,21,59,16,30,2,2,61,7
E00000324,374,154,279,238,361,66,312,147,240,191,295,25,62,88,42,67,10,0,210,39,5,12,29,7,55,9,26,109,21,30,22,45,21,14,1,52,56,43,0,170.4047539,27,62,17,29,17,7,60,7
E00000325,374,136,280,256,363,74,321,132,241,221,304,22,67,105,58,44,3,0,202,62,16,8,3,14,49,7,33,89,31,36,17,17,24,9,1,71,38,27,0,99.42166881,38,78,21,43,8,12,27,19
E00000326,392,157,285,262,370,75,380,153,285,246,353,34,70,120,59,38,1,0,154,86,4,9,8,15,91,1,33,93,25,34,15,15,38,24,2,77,11,64,0,97.11530228,36,94,18,68,11,7,23,10
E00000327,338,135,217,213,314,77,320,133,218,215,291,46,70,122,34,13,0,0,165,30,4,5,13,10,73,19,26,73,17,32,5,7,44,30,0,18,106,11,0,60.67467344,18,95,17,25,10,2,44,19
E00000328,387,139,251,247,357,93,368,140,237,230,338,40,85,126,42,14,0,0,181,31,0,9,15,8,123,13,36,68,19,42,3,6,40,24,4,13,117,9,0,78.21275196,21,88,22,32,9,2,49,21
E00000329,274,132,186,183,260,61,266,132,189,185,239,26,59,103,37,15,0,0,138,34,2,6,4,8,73,6,18,86,16,23,4,9,57,22,0,9,121,2,0,98.71404812,24,83,12,29,6,2,61,24
E00000330,269,89,189,175,255,60,376,127,226,208,349,19,53,64,36,25,1,0,159,28,3,1,3,5,64,2,13,49,15,35,3,18,13,3,2,9,76,4,0,79.29742665,10,83,18,26,6,0,42,15
E00000331,371,137,271,256,355,77,349,138,255,241,330,32,61,117,53,24,0,0,86,63,25,76,54,8,32,8,57,89,22,35,7,12,48,9,2,62,50,24,0,113.7688518,36,68,26,50,9,4,30,9
E00000332,504,142,389,353,485,80,500,143,393,364,477,37,69,160,51,58,3,0,131,48,45,76,149,16,16,10,52,89,36,44,24,20,9,5,2,122,1,18,0,61.4826904,42,136,34,104,4,4,2,6
E00000333,463,127,352,328,444,95,418,124,310,284,399,30,73,128,61,46,2,0,94,46,42,58,159,9,38,5,53,73,24,45,23,9,17,4,4,106,0,20,0,72.93453178,48,105,37,63,2,9,4,5
E00000334,482,123,371,351,465,97,439,122,336,306,424,25,83,134,55,45,3,7,146,34,56,37,165,11,12,6,57,71,28,36,20,7,16,7,9,103,0,19,0,80.58517496,56,114,40,77,5,4,4,6
E00000335,449,117,337,320,421,67,390,121,296,273,378,42,64,137,56,45,5,0,95,42,29,67,157,9,21,5,41,66,23,36,19,14,10,8,7,92,0,23,0,59.04941012,36,101,43,66,2,6,6,6
E00000336,527,138,391,359,497,98,485,136,368,335,468,48,77,149,64,50,2,0,103,44,58,45,221,7,27,7,61,77,35,44,20,9,13,7,8,119,0,18,0,77.01045098,45,122,45,85,1,7,0,0
E00000337,335,115,247,234,318,58,343,117,258,240,323,33,52,129,34,25,2,0,60,42,32,60,64,9,47,9,38,66,19,29,9,7,31,10,5,65,16,33,0,63.63305107,27,71,33,71,4,6,16,5
E00000338,435,118,333,308,421,82,407,118,319,289,396,24,72,133,41,53,4,0,93,53,54,114,81,8,12,8,49,83,29,31,23,15,16,1,3,99,1,17,0,87.58567481,50,99,31,81,0,5,3,3
E00000339,425,113,321,303,403,78,386,118,296,284,370,36,65,130,47,44,2,0,103,34,27,78,149,9,13,0,46,64,27,32,16,10,11,6,10,100,0,12,0,67.00219336,43,89,43,85,2,7,1,1
E00000340,369,109,299,274,346,40,377,113,312,292,366,37,29,120,36,59,3,0,100,43,53,76,61,3,11,8,20,72,26,22,27,7,12,5,8,89,0,20,0,76.70302182,37,97,37,87,2,4,2,1
E00000341,444,137,325,310,429,101,397,134,309,294,370,31,77,138,55,43,1,0,115,50,48,57,111,5,44,2,64,81,27,40,15,11,28,5,8,83,29,25,0,64.69424846,40,101,37,68,4,3,24,7
E00000342,427,110,327,301,404,66,391,109,306,275,372,31,64,144,43,52,2,0,66,63,50,75,106,15,24,5,45,62,26,32,19,6,11,4,11,48,39,22,0,84.45186102,32,90,29,71,2,8,4,9
E00000343,489,139,386,367,476,84,453,137,355,342,436,27,70,158,55,56,1,0,146,90,37,59,105,9,23,9,42,87,34,42,25,12,16,5,4,114,0,25,0,52.38672386,50,131,37,74,5,6,3,9
E00000344,465,123,365,341,442,64,428,123,353,336,414,38,58,153,55,53,1,15,91,67,76,113,64,7,16,5,47,73,27,35,25,6,15,6,8,93,2,27,0,93.36093749,37,113,34,95,5,9,7,3
E00000345,458,140,367,334,444,65,457,141,363,314,440,25,58,150,58,60,3,0,114,77,56,90,90,6,6,6,47,92,32,41,27,13,20,1,6,109,1,29,0,85.39908456,54,99,30,91,5,2,7,0
E00000346,376,110,299,273,354,50,386,107,315,292,371,32,41,136,40,44,1,0,63,52,18,129,71,4,22,2,37,69,27,23,11,13,18,6,11,75,0,33,0,69.15744713,29,80,28,85,5,10,4,2
E00000347,396,122,300,272,382,71,375,123,297,270,361,29,59,120,38,62,1,0,107,48,13,31,157,5,17,10,37,74,22,33,24,14,14,9,5,105,0,16,0,93.08082201,42,74,39,78,0,5,3,2
E00000348,533,207,376,365,496,95,526,212,393,355,488,63,83,199,65,30,1,0,71,131,66,73,93,15,52,14,66,105,36,71,13,12,44,19,8,91,17,98,0,73.7797001,29,96,36,134,21,3,21,1
E00000349,445,128,347,328,433,87,421,127,320,295,402,26,69,139,63,38,1,0,90,40,27,62,185,7,17,9,51,78,32,43,16,14,16,5,2,113,0,13,0,75.55746615,33,106,33,73,2,10,1,11
E00000350,378,107,292,268,356,54,336,108,265,241,322,35,48,124,47,35,2,0,70,48,42,81,96,8,19,2,37,67,26,29,15,7,19,2,8,87,1,18,0,83.60369925,31,74,32,71,2,2,5,3
E00000351,491,139,361,336,470,98,447,136,341,324,426,35,86,149,55,41,1,0,123,69,36,81,116,8,19,15,55,75,31,49,19,7,18,8,6,98,3,36,0,65.17494286,55,118,33,97,6,8,4,9
E00000352,641,237,486,429,608,91,484,187,363,327,447,57,96,246,55,79,19,2,154,104,83,66,120,16,58,12,59,159,45,51,14,59,41,18,5,92,40,96,0,88.74761781,38,98,41,102,14,4,57,10
E00000353,425,122,333,320,408,65,440,124,325,302,416,24,61,147,60,33,2,0,77,68,51,64,108,4,32,10,51,73,32,36,14,8,19,4,8,87,0,34,0,59.28222488,41,83,47,82,4,7,3,4
E00000354,354,130,273,253,340,56,330,132,239,208,308,29,45,113,35,38,3,0,131,60,19,31,51,9,32,11,24,88,24,33,13,20,31,4,3,64,46,20,0,95.18765216,20,65,25,45,4,3,31,4
E00000355,420,157,306,282,399,67,387,156,309,285,369,38,75,124,45,46,5,0,146,55,31,44,72,12,36,9,30,100,32,31,18,18,32,20,3,86,37,33,0,85.70083896,34,105,31,66,7,8,30,5
E00000356,417,128,311,290,396,79,401,128,290,263,384,30,63,137,49,33,4,0,120,65,40,54,78,9,33,2,45,71,28,40,13,12,18,12,4,90,19,19,0,68.55887695,49,81,34,71,7,5,9,6
E00000357,514,147,371,349,493,107,451,151,347,317,431,48,87,172,54,52,4,0,122,56,47,92,134,10,34,6,74,80,26,47,18,14,22,9,9,100,24,23,0,96.77247853,45,100,41,83,6,7,15,6
E00000358,349,137,240,231,332,68,274,135,209,188,249,33,71,109,42,27,2,0,90,60,13,43,32,14,72,12,31,85,20,37,8,17,40,14,0,30,69,37,0,99.32942006,14,56,13,59,16,4,44,12
E00000360,322,116,232,218,308,63,311,115,227,216,294,29,52,108,32,38,0,0,127,87,15,7,4,3,65,3,29,69,27,31,13,13,16,13,3,56,40,19,0,89.16579028,21,63,16,50,10,1,26,11
E00000361,314,131,228,218,306,75,330,131,239,227,307,19,64,88,50,24,2,0,132,66,5,11,9,7,67,9,27,84,27,26,5,18,34,20,1,57,46,27,0,95.24953371,24,76,20,44,7,7,35,16
E00000362,349,113,249,240,329,70,287,111,208,196,274,33,63,105,37,31,1,0,172,61,19,5,9,9,56,9,29,66,21,33,12,15,18,13,1,54,36,20,0,117.2168704,19,76,14,38,8,5,20,7
E00000363,355,105,238,233,338,86,304,104,209,194,282,24,88,108,41,17,0,0,157,67,12,1,30,8,60,10,26,50,21,45,8,6,15,7,1,41,37,26,0,86.73894808,32,69,9,30,6,2,28,21
E00000364,291,105,224,210,275,53,265,103,216,202,255,28,38,82,50,27,1,7,157,51,12,10,5,4,38,10,12,73,36,21,11,11,15,9,1,38,52,15,0,138.4346314,41,68,22,24,5,3,27,12
E00000365,281,93,196,188,265,57,260,96,190,179,240,27,52,91,32,20,1,0,94,63,6,17,13,8,52,7,26,49,17,32,8,6,18,11,1,31,21,41,0,78.33513572,22,66,7,33,10,2,17,11
E00000366,310,109,232,216,293,53,264,104,208,197,249,28,44,107,35,33,2,1,139,81,2,15,14,2,48,0,27,69,29,27,18,7,15,11,2,53,34,22,0,110.4745351,36,76,24,27,6,6,24,10
E00000367,419,144,310,288,396,70,363,141,266,244,343,36,68,135,75,27,4,0,166,107,20,12,11,11,78,1,36,83,37,44,14,10,22,16,1,72,38,33,0,96.13047069,49,104,22,44,7,6,20,8
E00000368,313,118,223,204,300,58,278,114,207,184,264,25,58,86,46,30,3,0,136,54,8,29,25,5,43,2,27,70,18,33,13,12,27,13,1,59,33,24,0,109.0803097,38,65,22,41,3,7,26,10
E00000369,351,114,255,242,325,54,293,116,224,209,278,37,54,110,42,30,1,0,165,64,8,28,13,6,47,5,21,60,24,35,13,7,16,13,4,58,36,20,0,123.2979127,25,79,17,44,3,6,27,12
E00000370,382,123,259,242,368,93,323,124,229,208,307,30,92,125,49,27,0,0,174,56,14,9,26,19,62,12,46,61,28,41,7,12,14,17,3,61,27,34,0,83.23404269,36,101,15,39,8,5,19,13
E00000371,329,126,243,229,309,52,291,123,208,193,279,33,50,92,47,26,1,0,145,60,7,18,8,4,70,11,25,80,33,30,11,11,25,16,0,65,43,18,0,93.34898108,26,68,20,46,3,3,29,6
E00000372,352,133,246,236,337,80,329,135,231,222,311,24,77,123,50,25,1,0,154,57,10,18,20,9,67,4,29,76,25,37,6,15,30,19,1,50,55,28,0,85.88999693,14,96,25,27,9,4,38,8
E00000373,387,124,280,265,364,64,336,125,243,214,320,32,67,128,42,31,2,0,159,90,3,11,27,13,54,16,34,70,26,40,13,10,21,10,4,55,43,25,0,116.9517069,42,90,15,31,7,6,27,9
E00000374,379,126,261,247,351,68,355,129,262,240,343,38,78,112,46,33,0,0,179,64,11,16,10,10,79,3,23,71,29,35,10,13,19,17,2,63,39,24,0,90.43793843,42,92,14,49,7,6,31,8
E00000375,331,109,215,204,307,81,291,107,203,185,279,35,76,105,31,17,1,0,149,57,23,12,18,2,39,6,30,46,19,44,6,9,12,18,0,51,35,23,0,69.68194809,24,78,19,37,10,3,19,11
E00000376,375,125,306,273,363,47,350,127,278,248,333,20,42,108,55,54,4,0,187,85,15,15,16,12,34,2,23,86,33,33,28,12,13,4,2,80,30,12,0,121.0266626,41,96,23,36,3,6,24,16
E00000377,296,113,213,202,281,61,275,113,206,191,257,24,55,92,41,25,2,0,140,64,1,7,1,3,63,6,28,72,23,29,10,11,28,9,1,52,42,18,0,113.3615422,23,66,21,38,5,4,26,13
E00000378,287,124,224,201,278,34,291,126,237,202,277,20,38,75,28,56,3,0,126,60,15,2,14,10,40,5,14,90,20,23,15,34,21,7,1,20,78,23,0,152.3789644,30,68,26,24,8,2,58,13
E00000379,367,138,266,249,349,74,376,140,265,246,355,25,73,111,38,35,4,0,216,45,10,13,14,6,52,2,24,83,28,38,16,15,24,13,2,70,48,19,0,84.74972676,42,85,28,42,4,10,21,11
E00000380,445,152,313,292,424,85,381,151,281,261,364,31,94,134,53,35,3,0,182,111,5,13,14,7,92,9,47,93,34,45,9,22,28,11,2,63,56,33,0,115.4223646,54,96,26,40,14,9,30,12
E00000381,344,132,259,239,330,55,317,129,234,222,292,25,54,103,44,34,3,0,161,83,8,14,12,5,45,7,31,82,27,36,11,17,27,11,3,61,34,36,0,110.3818266,19,82,15,34,17,5,24,6
E00000382,381,127,266,257,365,77,334,126,249,229,315,31,77,121,58,26,1,0,166,88,10,3,12,7,65,7,20,67,32,41,11,7,17,14,3,68,32,25,0,89.23871772,36,92,24,45,6,5,25,14
E00000383,303,114,225,213,289,58,296,114,208,195,282,21,56,88,42,37,2,0,171,55,2,7,17,10,32,5,20,71,22,24,14,13,22,15,2,49,41,23,0,82.30453733,24,74,22,21,6,2,25,11
E00000384,377,134,275,259,365,75,329,134,235,213,305,19,76,109,51,39,0,0,182,103,3,4,21,6,50,6,29,77,25,37,14,13,25,12,5,63,41,28,0,100.1134151,35,76,15,28,7,5,26,11
E00000385,308,113,222,207,292,51,343,139,252,242,315,27,55,90,44,26,1,0,139,69,14,8,5,9,55,4,28,73,24,29,10,12,27,10,1,51,39,23,0,97.97630951,16,93,28,39,3,4,18,5
E00000386,413,128,327,302,399,62,402,128,307,281,393,31,47,107,58,48,6,0,209,60,34,7,36,7,44,6,29,82,32,36,19,17,14,3,5,97,20,10,0,91.43922657,34,113,25,46,3,5,11,4
E00000387,357,121,248,235,336,77,317,116,242,233,302,38,65,119,45,31,2,0,152,72,12,2,4,11,85,6,31,69,27,36,13,12,17,14,1,41,45,28,0,96.12442091,42,93,25,38,9,0,27,10
E00000388,371,122,269,260,356,73,385,117,235,215,370,26,68,115,48,23,4,0,152,72,4,18,7,11,79,5,29,66,23,44,9,13,21,9,2,49,43,30,0,66.97174192,37,69,20,34,19,1,29,7
E00000389,378,140,282,265,366,72,362,129,265,249,340,27,63,121,53,38,1,6,191,53,8,9,15,8,73,8,26,88,32,38,17,11,28,12,1,66,46,27,0,103.4156439,33,86,18,43,9,5,26,10
E00000390,404,136,282,265,385,87,347,136,255,233,315,35,78,111,66,27,2,0,191,70,8,23,5,11,69,12,38,74,34,45,9,14,17,15,2,73,35,28,0,84.32394225,37,89,22,42,8,7,23,8
E00000391,340,123,237,227,319,71,313,127,232,217,288,34,68,99,51,30,0,0,180,53,14,17,6,12,47,4,34,68,21,34,14,9,24,17,3,59,47,17,0,113.9669489,30,81,17,29,7,8,31,17
E00000392,367,121,247,228,349,89,330,125,235,217,305,32,81,114,50,33,0,0,172,29,5,36,48,9,52,9,45,65,27,40,11,12,15,12,3,63,30,27,0,83.97441717,21,85,21,37,7,8,23,11
E00000393,454,144,314,300,436,106,364,142,263,251,338,35,98,133,70,24,1,0,196,98,14,9,26,14,78,6,66,78,35,49,8,13,22,16,1,77,40,25,0,96.340095,41,91,42,40,9,7,28,15
E00000394,357,116,270,252,344,71,306,115,241,225,298,19,63,97,51,28,1,0,175,55,10,37,21,8,28,11,26,72,32,36,14,10,16,8,0,70,26,20,0,108.6503034,35,94,21,36,3,4,23,20
E00000395,407,139,298,272,388,70,367,139,259,236,333,35,69,136,55,46,1,0,161,67,5,49,26,4,68,20,37,83,29,37,18,15,21,13,4,75,34,30,0,88.5465914,29,69,21,51,8,4,32,15
E00000396,350,125,261,245,338,65,323,128,235,216,310,23,62,102,48,38,1,0,147,109,7,3,9,11,49,12,31,84,29,25,16,16,23,15,1,60,40,23,0,107.7146435,33,80,26,31,9,9,26,6
E00000397,403,145,282,270,370,66,363,144,263,256,321,55,62,118,47,27,0,0,226,84,4,15,3,10,45,8,19,76,32,30,8,11,25,33,4,54,54,36,0,96.93840833,30,104,22,40,8,6,47,13
E00000398,324,127,241,225,309,47,320,129,253,242,302,21,58,89,43,41,1,0,175,60,2,4,12,4,52,6,17,85,28,27,17,18,22,12,1,78,29,20,0,104.0137259,38,94,25,40,5,4,22,9
E00000399,359,117,251,239,340,75,277,119,216,202,263,33,69,109,45,30,3,0,160,73,14,17,11,4,69,7,42,69,29,31,15,9,16,14,2,57,34,25,0,104.2022179,21,77,27,23,9,7,28,14
E00000400,400,129,296,285,386,78,356,125,264,235,337,27,71,114,67,26,0,0,139,101,21,12,23,13,72,12,37,77,34,43,12,9,22,7,1,75,35,19,0,82.78149888,32,97,21,40,6,6,16,15
E00000401,337,117,242,230,320,73,305,124,222,199,296,31,59,97,51,22,2,0,161,78,3,10,24,12,30,9,32,67,29,37,9,8,21,9,2,53,33,30,0,86.25884772,21,83,17,27,7,8,31,14
E00000402,339,116,235,224,315,59,313,117,236,221,296,40,59,103,37,27,0,0,142,67,2,9,9,11,79,11,24,58,18,42,11,8,21,13,2,61,31,24,0,90.29873421,20,71,31,42,6,3,20,9
E00000403,403,144,289,266,379,71,385,144,283,260,359,34,77,120,59,36,0,0,175,87,10,18,4,6,83,6,33,80,31,45,14,10,25,16,2,82,37,25,0,84.64994671,31,112,14,52,9,4,24,6
E00000404,399,140,308,298,381,63,350,131,254,234,327,35,55,140,61,32,3,0,183,96,8,12,15,8,59,5,27,85,33,42,13,14,25,9,4,79,34,25,0,107.545235,38,92,19,38,14,3,23,12
E00000405,356,113,247,236,337,82,320,112,226,209,301,30,74,113,47,16,2,0,177,67,10,24,11,2,47,7,27,61,28,38,5,8,20,11,2,54,35,24,0,109.9213253,20,81,21,44,7,5,22,10
E00000406,396,125,277,261,369,79,347,124,254,238,329,41,73,126,44,38,0,0,167,71,22,27,20,9,65,3,35,72,30,42,16,13,13,7,3,69,37,19,0,100.6291116,33,93,25,39,3,4,25,18
E00000407,366,132,263,253,350,71,356,133,265,250,336,29,71,101,66,33,0,0,167,80,15,11,6,5,70,6,34,83,36,30,15,8,24,14,3,65,38,29,0,116.1585294,38,101,23,33,7,6,31,5
E00000408,341,117,247,238,331,66,308,118,228,216,295,23,67,116,45,18,0,0,158,51,10,18,9,6,74,4,29,65,30,33,8,5,22,15,2,61,31,25,0,84.41458982,36,85,14,33,6,5,21,7
E00000409,373,128,287,269,355,60,362,128,259,233,337,21,61,112,51,39,4,0,178,68,2,14,24,3,74,1,25,81,25,33,14,21,21,12,2,68,38,22,0,120.1517739,44,78,29,50,6,9,28,6
E00000410,309,116,219,209,297,53,278,111,209,193,253,29,57,101,35,24,2,0,147,63,10,6,8,6,62,4,23,62,25,32,10,9,18,16,3,59,29,26,0,100.5339122,23,68,24,41,8,4,23,15
E00000411,296,104,208,185,280,57,267,107,218,188,256,30,56,85,39,33,3,0,106,55,1,13,9,16,77,9,30,60,20,31,9,19,12,10,2,52,31,21,0,147.7448752,23,59,22,46,8,6,21,19
E00000412,309,122,236,211,298,50,269,132,209,173,256,24,44,75,42,44,2,0,145,65,6,14,0,9,46,6,20,85,29,25,7,29,20,7,4,51,49,22,0,175.0006148,37,57,14,30,7,5,31,8
E00000413,325,114,220,208,301,66,290,114,204,189,268,40,60,106,44,20,2,0,153,71,13,3,17,9,41,8,23,57,18,39,10,7,22,11,2,63,30,20,0,81.08776652,25,65,15,44,4,5,21,9
E00000414,343,122,232,224,319,75,274,110,194,190,258,38,66,113,37,28,0,0,152,48,9,13,14,13,77,2,33,64,19,35,11,9,25,20,1,49,36,34,0,63.92314853,17,76,20,36,9,3,28,11
E00000415,353,125,249,232,331,68,304,122,234,207,283,36,63,103,48,43,1,5,166,78,12,12,19,6,36,7,38,72,23,34,14,15,20,11,6,61,34,29,0,113.4837362,27,79,15,34,7,2,25,10
E00000416,449,178,329,324,429,76,418,170,305,294,391,33,79,151,76,24,1,0,220,77,9,14,8,4,102,6,30,117,39,45,6,17,55,15,1,67,74,36,0,98.63961562,33,127,31,46,16,2,40,8
E00000417,348,120,247,225,331,79,309,118,230,204,289,34,62,111,44,41,2,0,189,67,13,7,1,9,31,16,19,71,20,37,19,14,18,11,1,61,38,21,0,126.8188952,36,79,25,23,6,6,27,13
E00000418,373,136,261,251,353,74,375,138,256,242,347,31,73,119,45,29,0,0,193,69,7,21,15,6,41,11,23,78,26,42,12,11,29,14,2,60,54,22,0,93.16865959,26,91,23,33,9,6,43,17
E00000419,340,119,243,237,324,65,343,119,257,248,325,29,65,119,32,25,0,0,130,64,31,16,13,9,51,15,26,70,30,30,10,8,22,17,2,59,36,24,0,97.36728466,38,91,32,58,4,2,23,16
E00000420,268,92,207,195,258,46,273,93,211,202,258,13,45,78,41,34,0,0,146,51,0,4,4,0,55,0,24,63,23,18,16,10,14,8,3,51,31,10,0,100.0303323,38,77,12,41,2,4,21,10
E00000421,434,136,305,296,418,79,384,127,271,259,356,30,91,126,66,22,1,0,132,96,29,22,23,8,104,9,56,74,39,47,8,6,21,10,3,88,1,47,0,64.49161237,32,86,27,73,7,6,14,6
E00000422,462,148,340,319,438,79,400,145,308,291,382,33,83,142,54,52,1,0,211,82,18,9,21,5,104,9,40,92,30,37,23,18,21,14,4,62,51,34,0,96.34133841,26,117,22,50,9,13,32,6
E00000423,363,127,261,238,344,79,378,127,249,238,350,31,66,118,41,40,1,0,170,68,7,6,24,2,67,5,43,77,31,34,20,9,17,16,0,57,37,31,0,86.13304943,29,74,19,66,6,3,33,12
E00000424,516,144,351,319,477,94,470,142,365,290,442,62,101,159,63,40,7,105,126,143,22,6,41,12,135,15,61,69,30,55,10,5,24,17,2,60,7,74,0,140.5895114,29,89,27,66,14,3,20,9
E00000425,425,139,303,286,408,76,367,139,285,263,353,31,82,118,59,44,1,0,218,61,5,13,12,8,94,9,43,79,29,38,20,15,15,17,3,50,52,34,0,127.1901741,41,105,23,35,10,7,29,19
E00000426,310,105,227,215,297,59,266,104,197,180,251,19,59,83,53,22,2,0,111,66,7,4,21,8,77,10,34,62,26,30,5,13,18,9,3,64,7,31,0,114.9377268,23,70,15,38,6,3,10,10
E00000427,346,109,254,236,330,58,336,115,242,221,323,29,56,94,49,37,2,0,101,74,22,4,18,10,89,15,30,66,26,27,16,11,13,11,2,72,0,36,0,67.2627891,17,67,24,50,5,6,10,3
E00000428,422,130,285,257,404,96,376,128,276,255,354,32,98,113,53,45,1,0,94,67,38,34,48,11,111,10,69,68,21,43,13,16,18,12,7,88,1,41,0,72.1805253,32,82,20,80,9,10,13,9
E00000429,372,125,248,238,353,89,319,121,227,220,299,34,85,103,47,25,0,0,97,81,11,9,17,13,124,9,53,71,31,35,8,9,23,10,3,75,0,50,0,66.34695135,21,89,28,57,7,10,11,10
E00000430,319,111,212,203,302,73,318,110,229,217,289,30,73,90,37,21,1,0,86,87,9,7,10,14,89,8,49,57,23,34,11,7,16,18,0,65,2,43,0,81.65640029,22,87,26,49,11,10,11,10
E00000431,527,176,359,350,487,92,435,167,308,297,405,64,89,152,78,28,1,0,193,86,24,15,9,16,150,4,50,96,36,46,14,10,36,24,3,62,49,64,0,67.05886478,36,120,23,60,10,10,33,10
E00000432,393,128,273,254,373,71,341,125,249,226,315,35,80,113,47,35,2,0,146,71,6,17,21,12,86,18,34,73,26,37,13,13,21,12,4,85,0,43,0,98.74893387,35,85,36,37,5,9,14,16
E00000433,389,119,247,243,366,82,313,112,225,215,288,39,96,133,40,19,1,0,114,102,7,10,13,5,98,14,48,59,23,43,12,5,19,15,1,65,0,53,0,59.46883846,31,79,22,50,14,8,11,8
E00000434,443,131,316,300,424,78,378,133,265,253,350,37,85,126,60,40,0,0,96,114,53,15,17,13,113,7,61,75,27,37,16,10,22,14,4,77,0,53,0,70.91497972,28,87,27,53,14,7,10,3
E00000435,408,137,289,272,386,62,334,134,254,232,314,35,78,127,55,35,4,0,124,108,11,15,21,14,104,4,47,77,33,35,15,10,19,18,5,76,1,56,0,99.84077162,36,82,16,61,13,9,13,10
E00000436,390,124,283,271,379,64,359,120,259,250,341,25,76,116,58,30,0,0,163,64,4,11,5,9,106,19,34,69,33,41,16,4,16,12,2,85,0,38,0,73.60434244,41,102,29,51,3,9,16,8
E00000437,427,142,300,279,399,81,379,138,284,261,355,38,80,118,57,46,2,0,115,117,35,6,14,9,118,2,55,83,25,42,23,10,25,15,1,92,1,48,0,89.36065769,32,88,23,73,9,5,12,9
E00000438,477,159,310,293,456,108,443,151,308,295,414,38,120,139,59,29,1,0,140,119,25,10,41,12,109,10,69,81,30,50,10,10,31,24,1,88,0,70,0,57.38772844,33,95,37,61,15,10,11,21
E00000439,307,103,233,225,293,54,270,102,197,184,257,24,47,90,49,29,1,0,150,45,11,13,23,5,44,2,29,65,29,25,12,9,15,9,4,53,31,18,0,81.44378196,21,71,18,31,4,3,17,5
E00000440,409,144,290,281,389,76,386,146,271,256,358,43,71,143,50,38,0,0,208,81,5,4,33,9,65,2,33,83,28,44,14,13,28,13,3,61,51,32,0,80.88547679,32,105,33,39,6,3,35,13
E00000441,425,142,317,288,410,71,358,138,275,240,337,33,66,130,63,45,2,0,186,93,3,7,15,5,107,5,36,91,42,38,20,14,15,7,3,59,46,36,0,107.2657777,38,85,17,50,5,3,31,9
E00000442,299,108,208,196,284,62,343,129,235,213,315,25,63,89,37,32,1,0,150,56,8,14,13,5,44,5,23,62,20,34,13,13,16,10,1,45,38,25,0,74.8657133,22,83,15,38,6,5,24,3
E00000443,336,119,242,225,318,57,291,119,219,204,275,28,64,93,42,37,2,0,152,90,4,7,7,5,61,3,23,65,22,30,17,7,19,19,5,56,39,24,0,89.61502183,24,72,17,32,11,6,27,8
E00000444,367,116,250,234,351,88,346,113,253,238,320,31,78,108,46,25,1,0,173,50,7,1,12,15,81,9,49,62,27,40,10,11,14,12,1,58,35,23,0,78.75254642,29,82,18,54,10,3,24,11
E00000445,432,130,319,296,413,73,410,133,304,286,392,35,74,123,42,66,1,7,211,80,1,6,25,15,76,6,28,80,25,33,33,12,10,10,5,66,48,16,0,108.2929239,50,104,23,48,9,3,30,13
E00000446,382,132,266,255,369,88,341,131,247,240,316,28,81,124,51,31,2,0,171,73,13,7,15,5,78,8,42,70,23,46,14,11,22,14,1,55,50,27,0,102.3082229,25,69,26,52,10,7,26,16
E00000447,263,106,192,184,248,50,238,106,183,174,230,33,37,84,29,24,0,0,112,34,2,11,6,8,69,14,20,69,19,21,6,15,29,14,2,21,67,18,0,106.545697,14,46,19,30,4,2,39,12
E00000448,322,123,241,234,303,48,307,123,242,218,287,32,45,105,38,30,0,0,179,63,3,4,5,1,51,4,19,77,35,26,13,11,18,18,0,63,39,21,0,99.96469151,28,91,24,29,2,5,23,10
E00000449,401,151,293,280,386,78,436,153,297,285,397,33,67,126,58,34,0,0,163,90,25,12,25,5,61,9,41,97,31,36,14,10,42,13,2,55,33,59,0,73.72171366,38,99,18,50,15,5,37,7
E00000450,330,115,227,193,319,73,328,145,255,233,310,26,74,94,40,42,1,0,126,83,9,3,2,2,87,10,42,66,16,36,16,17,17,13,0,63,12,39,0,80.74161235,29,89,18,55,7,4,19,11
E00000451,431,115,276,260,418,126,285,90,183,156,255,33,112,122,52,26,1,0,95,47,18,24,55,13,163,11,80,51,17,51,9,10,15,9,3,42,29,15,28,79.62850342,24,52,14,30,14,4,19,17
E00000452,667,236,448,443,638,143,579,218,395,395,534,63,146,250,86,19,0,0,179,114,21,28,41,29,216,22,95,121,37,74,8,5,71,35,5,67,37,132,0,31.91555259,31,108,37,146,21,4,41,19
E00000453,463,132,320,304,444,112,357,129,257,234,329,37,94,149,51,31,1,0,136,84,19,26,68,15,93,5,73,58,15,62,14,9,20,8,4,53,61,18,0,105.9672436,27,75,20,44,6,2,31,22
E00000454,320,128,235,233,296,53,279,124,205,197,263,34,43,99,53,17,0,0,73,51,7,6,32,9,126,11,32,84,22,31,7,6,49,12,0,29,82,17,0,114.7989787,26,65,17,42,10,1,37,7
E00000455,396,134,248,246,368,89,329,133,225,225,296,54,92,115,57,19,1,0,60,99,16,22,40,13,131,8,61,60,24,44,3,8,25,21,5,77,0,55,0,43.64502237,24,71,25,78,11,7,12,7
E00000456,387,150,271,263,358,89,333,146,237,225,303,43,70,129,46,28,2,0,101,72,2,11,50,5,124,16,48,91,18,37,11,14,48,21,1,35,97,17,0,80.04921703,16,73,24,54,9,4,47,21
E00000457,330,112,200,198,307,59,298,109,206,205,261,38,84,125,30,8,0,0,52,74,25,23,27,9,105,6,38,47,14,39,4,2,27,22,2,46,2,63,0,33.89619905,20,54,17,95,14,9,10,7
E00000458,93,30,63,63,89,18,273,94,176,174,252,10,18,32,13,3,0,0,26,18,4,7,5,1,30,0,9,15,4,14,2,0,9,0,0,9,19,2,0,67.91001449,18,86,19,24,2,0,9,2
E00000459,90,25,51,51,84,28,249,91,162,161,234,15,22,40,4,2,0,0,8,23,21,4,2,3,24,0,12,5,3,13,0,0,2,6,1,6,17,2,0,70.12029425,10,70,15,25,1,0,2,5
E00000460,282,92,156,156,257,88,285,93,170,169,264,44,74,101,22,3,0,0,82,45,17,8,7,13,87,4,41,34,6,37,0,1,27,18,2,21,70,1,0,53.68833603,16,76,15,26,6,0,31,20
E00000461,361,103,250,221,348,98,266,90,192,164,250,25,74,76,70,35,2,0,96,47,13,13,23,13,138,4,42,51,14,44,13,13,11,5,3,51,32,20,0,114.3565263,39,49,13,40,10,5,18,10
E00000462,408,112,269,262,384,91,308,109,216,205,280,46,83,131,42,22,0,0,143,51,4,16,50,7,111,13,47,49,18,47,8,6,17,13,3,35,55,22,0,91.79393457,27,74,24,35,11,4,29,23
E00000463,468,134,347,318,451,91,424,138,318,291,406,32,84,133,65,47,3,0,253,48,0,24,34,4,93,8,29,77,35,44,19,16,7,8,4,71,54,9,0,95.48337063,42,106,27,54,3,3,26,18
E00000464,578,175,388,368,560,141,394,138,289,267,372,44,138,139,73,50,3,0,268,63,13,15,6,19,172,8,41,85,27,74,22,20,16,13,1,54,106,15,0,98.75774035,36,93,26,55,12,5,54,31
E00000465,409,143,280,268,379,78,390,152,291,269,362,49,75,127,62,29,2,0,131,49,13,35,62,3,95,10,56,85,28,46,9,15,33,10,2,61,55,27,0,106.9048704,31,101,31,52,8,4,35,10
E00000466,335,125,237,222,313,59,273,119,228,205,262,33,61,110,55,27,0,0,105,68,10,23,19,5,92,9,35,79,24,29,7,16,32,15,2,36,75,13,0,140.8471927,26,63,19,49,8,2,43,12
E00000467,409,137,299,278,383,66,349,131,256,227,332,41,62,138,44,42,1,0,150,84,7,13,32,8,96,6,30,83,18,43,15,19,31,7,3,53,57,27,0,127.243831,36,83,20,34,7,8,41,12
E00000468,416,132,269,265,392,102,222,89,164,164,205,42,96,148,56,14,0,0,76,36,2,26,27,12,218,4,68,71,23,44,7,1,40,13,3,24,56,8,44,78.30698265,15,60,20,37,13,2,31,14
E00000469,447,141,267,266,413,117,425,140,278,278,368,51,118,142,60,8,0,0,59,94,23,14,40,15,183,6,77,55,22,57,3,3,27,26,1,73,0,67,0,32.40257495,10,79,18,110,11,5,17,9
E00000470,404,127,302,282,387,71,376,123,263,240,348,37,58,109,55,33,2,0,101,72,23,28,63,13,78,8,54,79,32,38,17,9,21,6,4,89,1,37,0,82.24704918,31,90,24,67,10,6,6,2
E00000471,472,145,344,332,457,92,378,138,258,239,348,32,87,170,52,24,3,0,161,73,17,27,56,8,108,12,52,82,25,45,12,8,37,14,2,55,68,22,0,92.15723799,27,86,19,40,10,8,41,27
E00000472,304,118,218,213,285,62,282,117,187,178,253,27,54,105,40,15,2,0,76,56,5,12,15,14,112,3,38,70,19,29,5,6,40,17,2,29,72,17,0,87.6057751,19,55,21,41,5,1,41,13
E00000474,458,131,332,313,438,91,426,133,303,288,407,32,86,110,63,34,3,0,157,48,17,19,40,8,141,11,45,63,22,52,16,9,16,10,5,66,42,22,0,70.40516832,33,103,22,69,8,5,16,17
E00000475,400,130,267,263,380,106,369,128,234,222,337,36,90,125,59,16,0,0,137,38,3,14,40,15,129,11,44,63,20,45,5,6,32,20,2,25,88,17,0,74.27791225,25,78,18,48,7,3,49,30
E00000476,456,136,244,241,419,141,396,138,233,232,348,65,137,144,43,10,0,0,117,63,0,10,24,21,192,22,72,39,12,58,6,1,20,33,2,14,101,21,0,61.88668958,21,79,16,61,23,0,42,35
E00000477,448,148,270,268,410,111,118,50,84,82,104,65,107,158,54,7,1,0,65,45,8,24,14,18,238,14,65,65,26,53,3,2,34,26,2,26,1,22,99,38.24867059,6,22,10,31,24,1,24,9
E00000478,430,117,305,290,409,73,372,116,276,255,354,39,76,126,59,31,2,0,97,79,43,26,33,11,109,11,45,59,25,41,13,6,15,10,4,77,6,34,0,69.63792519,31,97,23,66,5,8,15,7
E00000479,417,152,260,260,383,107,109,51,77,76,98,66,87,163,49,1,0,0,59,49,5,14,20,13,228,13,68,69,20,50,1,0,48,29,0,19,0,34,97,36.78607136,4,14,12,37,14,2,24,27
E00000480,356,139,246,237,330,78,288,140,216,199,257,39,65,130,35,26,1,0,108,79,6,23,29,5,82,14,50,81,19,39,9,10,43,16,2,37,77,23,0,127.1278872,23,70,19,42,11,6,39,11
E00000481,364,139,248,232,344,78,339,137,249,231,311,41,71,105,43,30,3,0,171,53,15,22,31,7,50,5,42,87,32,30,11,16,28,21,1,51,59,28,0,110.6551295,29,89,24,37,3,6,43,9
E00000482,349,126,239,223,332,70,321,127,228,201,285,33,73,116,40,27,0,0,131,66,20,29,19,4,47,8,34,66,22,38,11,13,20,20,1,70,30,26,0,92.38032502,30,69,15,47,3,6,27,10
E00000483,432,127,334,319,409,45,370,126,294,275,358,38,54,140,53,39,3,0,169,51,42,55,32,7,60,9,29,73,29,45,19,13,12,5,2,75,31,21,0,105.0835568,56,119,27,49,8,5,19,5
E00000484,397,144,301,279,384,66,406,159,303,268,380,26,63,136,46,44,0,0,208,65,18,25,17,6,35,11,26,91,30,42,17,19,25,9,2,58,60,26,0,106.8387006,31,102,24,40,12,5,39,11
E00000485,430,135,309,295,409,74,357,134,261,236,341,35,84,119,73,32,0,0,173,69,17,42,58,9,39,6,49,74,33,50,13,9,19,9,1,58,41,36,0,97.3757211,53,87,16,51,7,1,34,9
E00000486,1104,410,757,739,1015,189,333,132,233,214,306,127,206,439,122,34,2,0,352,208,128,76,61,27,182,32,98,213,73,141,7,18,115,46,7,223,29,155,0,62.4398814,29,76,26,48,21,2,52,21
E00000487,315,121,241,214,307,55,283,119,220,185,269,14,51,84,40,56,3,0,157,43,24,18,25,4,25,7,25,84,21,28,18,31,14,6,3,46,57,18,0,117.8524769,23,68,23,38,7,5,51,8
E00000488,385,139,297,282,372,59,349,140,268,249,328,26,60,117,59,36,2,0,212,56,25,6,18,5,43,9,24,92,37,31,17,10,28,14,2,73,39,27,0,100.7991239,35,104,22,50,6,11,30,7
E00000489,466,135,327,307,446,73,418,135,292,266,393,35,90,132,61,38,1,0,156,65,38,69,47,16,53,8,42,63,26,53,14,7,16,7,8,58,31,44,0,94.76943749,26,85,25,61,12,5,29,9
E00000490,400,141,294,273,378,75,396,144,302,282,372,34,66,128,47,44,2,0,214,58,21,27,6,4,43,11,29,79,27,47,18,17,17,10,3,69,46,26,0,90.20126681,37,91,30,49,13,7,25,9
E00000491,397,134,267,252,368,78,361,133,255,238,338,39,85,130,48,31,0,0,189,63,22,27,36,4,32,11,30,68,24,52,14,10,20,13,1,59,55,19,0,84.54365409,44,96,25,39,11,7,28,11
E00000492,373,125,255,244,353,74,321,121,233,212,302,35,76,120,49,32,1,0,159,56,38,28,17,4,53,7,30,61,23,47,10,15,13,13,4,70,30,25,0,108.5176641,36,71,20,41,6,3,20,5
E00000493,295,122,230,216,286,48,318,121,254,234,301,18,44,93,37,36,0,0,163,46,19,16,7,2,27,6,19,84,22,28,18,8,36,5,2,53,45,23,0,123.9507504,33,94,14,42,8,6,27,3
E00000494,457,145,333,316,432,76,383,135,290,276,361,41,76,140,71,40,1,0,208,68,35,34,22,5,76,3,34,85,29,48,21,10,25,12,0,70,36,34,0,99.07538801,34,91,24,61,11,5,25,11
E00000495,314,112,235,212,300,49,293,117,221,201,281,21,53,85,42,42,1,0,153,49,12,24,12,8,44,3,16,73,23,32,16,15,19,4,2,60,33,17,0,108.1231978,42,68,23,38,6,8,18,8
E00000496,338,109,256,246,328,60,308,107,229,217,293,24,54,101,48,25,1,0,163,46,22,16,12,3,65,9,27,65,32,32,9,13,11,11,0,64,22,23,0,83.87234129,34,82,16,52,8,3,21,4
E00000497,375,124,278,269,359,78,356,120,234,224,326,29,62,103,59,25,0,0,156,51,21,36,17,9,73,7,39,72,37,35,9,9,17,12,4,57,33,34,0,68.33769613,23,90,21,48,13,2,31,3
E00000498,342,115,243,226,324,75,308,114,236,220,291,28,66,103,38,38,1,0,175,71,9,12,24,8,21,18,29,61,19,40,16,10,16,11,2,65,32,18,0,106.6999355,26,86,18,25,4,6,19,17
E00000499,358,126,252,234,333,70,333,129,247,234,307,39,63,108,45,29,3,0,180,70,13,13,20,9,44,0,27,68,22,41,11,13,22,11,1,69,27,29,0,99.65432193,35,83,25,45,12,6,24,14
E00000500,334,123,235,219,309,59,320,125,226,212,301,37,56,107,44,28,2,0,139,59,32,18,16,4,49,6,29,72,23,35,11,14,24,14,1,64,26,32,0,64.17767541,16,79,26,38,10,4,19,4
E00000501,264,102,209,190,256,43,213,98,174,157,205,10,43,80,39,33,4,0,117,61,20,5,9,2,20,8,28,69,19,23,8,22,20,7,1,40,44,18,0,151.5894595,11,45,18,34,6,3,35,1
E00000502,341,121,227,216,312,64,271,120,206,189,256,43,66,110,34,20,0,0,163,57,19,16,15,12,52,1,25,64,19,40,7,11,27,16,0,55,33,32,0,100.6798427,30,50,26,42,11,3,20,14
E00000503,353,115,253,246,336,77,301,113,219,208,279,31,66,115,54,22,0,0,177,58,18,31,9,2,49,5,30,62,29,38,9,5,19,9,5,64,35,16,0,108.8668538,29,69,26,38,7,6,23,13
E00000504,264,94,177,166,240,50,258,94,186,176,249,34,50,79,33,12,4,0,82,44,18,20,17,9,59,3,32,49,12,34,5,7,25,9,1,38,15,36,0,90.74801122,30,45,11,35,11,3,15,1
E00000505,392,127,284,267,377,70,320,126,253,238,306,29,76,130,48,36,2,0,154,63,15,20,15,11,93,4,32,72,32,43,16,11,13,9,1,66,28,33,0,103.7775539,31,88,22,50,7,8,15,4
E00000506,390,133,295,275,373,64,366,132,261,243,346,35,54,118,62,33,5,0,199,56,7,33,16,6,51,6,25,73,27,42,13,12,21,13,5,68,35,30,0,104.2834225,43,94,25,30,6,9,32,8
E00000507,373,137,272,254,353,75,363,139,266,242,332,31,65,122,50,37,0,0,202,69,16,7,7,4,50,10,24,77,23,42,17,11,26,16,1,65,46,26,0,95.13929217,37,89,34,42,8,6,26,8
E00000508,316,114,232,214,294,54,281,113,208,197,259,27,51,78,50,34,2,0,187,50,0,23,0,0,51,2,15,67,23,34,12,14,18,11,1,56,39,19,0,89.72876775,18,63,23,34,7,6,22,10
E00000509,325,129,218,199,310,71,305,127,224,191,282,26,70,84,29,43,1,0,131,48,18,23,27,12,52,6,33,75,16,36,6,34,19,15,2,45,66,18,0,120.8455597,29,58,18,47,9,4,57,21
E00000510,372,171,279,233,356,51,316,169,260,199,306,28,63,87,42,71,8,0,202,45,21,27,25,8,25,7,21,121,24,27,11,57,29,20,2,62,50,56,0,151.9293181,27,63,22,53,13,4,69,13
E00000511,489,242,336,328,446,82,314,159,235,229,287,72,77,211,47,19,1,0,179,51,7,19,17,8,186,10,39,149,28,48,2,16,103,38,1,14,137,91,0,78.85427609,23,86,26,47,23,3,60,14
E00000512,327,134,247,230,310,45,304,136,230,205,277,28,51,100,45,46,1,0,145,49,12,13,17,7,69,5,16,92,23,24,17,18,34,14,2,58,40,31,0,88.87778786,37,73,12,39,9,8,22,1
E00000513,374,142,297,270,360,48,371,142,288,256,352,25,49,107,55,56,2,0,198,86,2,6,11,5,38,6,23,94,30,33,21,18,25,11,4,108,5,29,0,70.10457127,36,104,29,40,5,5,7,6
E00000514,332,107,227,209,309,55,291,109,211,185,269,34,66,95,46,26,5,0,128,74,0,16,8,8,84,6,35,58,19,30,12,10,17,16,2,68,17,22,0,83.08375693,32,72,15,35,2,7,16,15
E00000515,278,134,184,183,243,44,253,135,196,193,228,46,48,102,35,7,0,0,90,56,3,6,19,7,78,10,19,80,15,19,2,3,60,33,1,33,3,98,0,53.6920458,14,86,12,54,15,6,23,9
E00000516,307,116,209,198,297,72,286,117,201,188,268,18,76,87,42,27,1,0,145,48,5,0,9,11,70,10,31,66,22,22,10,12,22,25,2,16,85,14,0,112.4165199,25,66,17,35,16,1,38,20
E00000517,334,126,246,227,313,50,323,129,235,202,298,33,50,97,52,34,6,0,151,44,8,9,7,12,84,15,22,79,26,32,17,14,22,13,1,59,41,26,0,97.92240316,24,81,16,38,9,6,24,1
E00000518,294,116,233,216,287,32,261,115,207,189,253,16,43,78,46,50,1,0,147,73,2,10,13,3,37,3,21,80,19,25,20,14,27,8,3,70,20,24,0,118.2625154,33,69,24,31,10,6,13,1
E00000519,354,125,265,236,336,45,347,126,263,236,330,27,58,101,27,56,4,0,204,32,11,4,8,6,79,4,21,81,27,25,25,14,15,15,3,80,29,15,0,82.71141898,30,91,16,44,5,8,20,7
E00000520,492,196,348,339,458,74,478,199,354,335,440,54,83,157,62,42,1,0,196,98,10,20,37,11,95,11,37,115,32,54,14,17,52,20,2,76,58,58,0,78.30004304,34,123,31,72,13,6,21,2
E00000521,382,134,273,259,362,75,402,134,287,272,383,35,69,121,43,40,3,0,185,74,20,3,10,8,70,6,32,77,32,37,15,14,16,11,3,52,53,29,0,88.75084392,40,96,22,52,8,3,27,12
E00000522,318,143,214,211,298,72,352,148,243,240,327,35,64,108,44,8,0,0,88,40,1,6,12,12,144,5,39,86,21,40,2,6,57,14,2,25,100,18,0,72.65324871,22,88,23,40,16,2,43,16
E00000523,367,128,259,239,349,61,340,122,248,233,323,34,72,96,54,35,3,0,175,54,15,2,10,6,92,7,33,70,25,41,13,13,19,14,2,61,37,30,0,61.01636701,23,95,21,31,7,7,22,10
E00000524,393,123,284,264,374,80,264,123,199,183,255,29,77,117,58,32,2,0,173,30,6,8,12,10,132,15,45,82,22,27,11,16,33,12,0,13,89,21,0,101.7031429,15,81,13,34,7,0,42,22
E00000525,487,182,305,278,457,109,455,182,301,281,401,59,114,143,57,36,1,0,242,44,3,1,6,8,160,13,50,91,20,45,13,13,45,39,3,38,118,26,0,94.14819499,30,110,26,65,15,5,62,26
E00000526,369,143,254,239,355,91,303,142,243,228,288,26,85,99,55,28,2,0,146,55,10,13,28,13,87,8,43,85,22,43,8,15,40,12,2,51,51,39,0,109.8585707,31,99,20,44,6,5,30,14
E00000527,346,124,275,243,335,37,372,120,304,242,360,23,43,102,49,60,5,34,138,62,5,17,42,6,62,0,31,88,26,28,24,21,17,6,2,92,5,27,0,130.8096341,30,85,18,44,8,14,3,0
E00000528,355,122,256,245,341,74,297,124,217,205,284,26,64,91,50,26,1,14,179,34,2,5,5,9,118,2,36,76,29,31,12,8,27,14,0,19,86,17,0,118.0393555,17,68,14,31,18,1,38,10
E00000529,205,82,162,144,199,31,185,84,148,131,179,11,30,41,33,32,0,0,91,44,6,10,19,5,24,2,22,62,19,14,13,9,21,5,0,41,27,13,0,129.8558725,14,46,20,16,5,4,20,5
E00000530,262,78,180,179,242,41,297,115,196,193,277,28,50,89,36,9,0,0,95,26,17,11,16,6,80,8,20,43,16,25,3,3,21,9,0,14,57,7,0,78.90393841,16,86,19,20,6,1,22,6
E00000531,288,105,210,203,275,51,267,116,187,178,237,22,53,107,43,21,2,0,151,42,5,7,7,3,63,0,19,61,17,24,8,7,29,15,4,36,25,44,0,63.81598101,19,96,21,30,4,1,29,14
E00000532,401,138,322,302,391,54,402,137,314,297,394,20,48,114,64,42,3,0,206,60,6,9,13,7,83,10,18,87,34,41,14,20,19,5,4,55,9,71,0,81.94898366,29,97,27,60,7,6,26,5
E00000533,347,175,276,229,337,50,315,170,263,198,309,19,47,78,51,70,8,0,222,37,7,5,1,3,60,6,23,140,28,22,18,47,47,13,0,26,103,38,0,195.7100949,42,64,14,36,8,4,88,11
E00000534,384,114,291,275,370,52,310,114,228,196,295,22,58,109,40,36,2,0,211,52,17,6,16,8,59,8,15,66,29,38,15,13,9,7,3,49,7,57,0,115.8700433,34,72,14,31,5,2,24,6
E00000535,353,103,261,250,337,51,295,98,214,206,283,24,60,92,44,37,1,0,189,61,2,6,11,3,65,6,13,54,18,37,18,6,12,4,7,34,9,60,0,95.50711384,25,67,18,33,8,6,26,22
E00000536,20,4,11,10,19,7,288,113,200,198,265,3,5,6,0,1,0,0,14,0,0,0,4,1,1,0,2,1,0,2,1,0,0,1,0,1,1,2,0,74.38742698,17,78,17,35,0,0,2,3
E00000537,427,139,284,276,399,79,390,138,285,282,370,43,93,124,62,16,1,0,102,47,9,7,16,14,214,13,33,70,18,46,8,5,39,17,3,85,0,54,0,55.93474929,25,97,24,97,10,2,11,9
E00000538,296,98,217,196,275,45,285,104,215,198,269,34,42,91,35,34,4,0,111,92,6,6,13,3,52,5,31,58,17,27,15,6,20,9,4,72,2,22,0,92.92023828,25,86,23,35,4,3,8,4
E00000539,316,115,248,224,301,35,305,116,246,223,298,21,38,84,38,57,0,0,170,60,12,13,15,2,20,3,20,77,19,25,27,9,22,8,3,82,1,30,0,91.11463723,26,83,31,48,4,5,7,5
E00000540,310,125,230,208,300,55,300,121,247,229,291,25,48,96,37,52,1,0,149,66,23,9,7,7,41,0,36,85,21,26,20,19,25,12,1,101,1,23,0,101.97858,29,86,29,39,0,4,9,10
E00000541,371,159,237,224,326,51,286,143,218,207,254,64,69,141,33,23,0,0,130,78,6,14,36,17,70,5,36,85,18,32,10,8,49,36,1,33,9,115,0,79.80027619,20,89,26,40,22,8,33,9
E00000542,221,119,150,125,202,32,182,120,154,129,170,37,33,72,14,43,2,0,68,65,2,3,8,2,62,2,16,79,6,18,4,38,31,20,0,19,49,51,0,128.4444048,11,38,15,36,19,4,45,4
E00000543,396,128,299,282,373,54,351,132,263,247,326,33,60,130,41,46,1,0,144,73,20,9,50,6,78,4,30,82,32,33,21,10,19,7,3,82,5,41,0,103.9882618,35,87,20,59,6,7,9,8
E00000544,458,182,327,318,433,83,316,140,255,250,300,44,84,159,68,24,1,0,207,77,8,2,26,12,101,15,31,111,33,44,11,7,60,25,1,69,46,66,0,55.59281979,23,97,38,55,8,9,39,16
E00000545,338,120,255,231,321,59,338,121,248,224,327,25,52,87,51,37,5,0,160,44,8,9,23,6,77,8,27,79,24,31,15,16,24,8,2,74,24,21,0,83.77897141,31,83,23,48,3,6,16,8
E00000546,1082,346,688,676,974,192,244,107,186,168,233,183,200,469,84,21,2,0,288,128,233,108,54,24,180,12,98,153,46,127,10,10,87,64,0,199,35,101,0,109.9719861,24,77,13,31,26,2,57,30
E00000547,419,127,312,291,401,59,398,126,297,276,379,29,73,121,60,43,0,0,179,93,28,19,34,5,43,11,37,75,38,39,18,9,10,9,2,88,12,24,0,91.23591142,41,103,38,51,4,6,13,0
E00000548,403,130,277,250,376,80,356,131,270,235,334,43,76,129,39,34,2,0,151,57,26,24,45,2,81,6,35,69,22,43,12,12,23,15,2,64,39,27,0,84.23528756,35,90,25,53,9,6,32,13
E00000549,287,132,219,191,270,28,308,147,231,200,281,25,40,104,35,36,4,0,117,70,21,15,8,12,33,5,19,91,18,23,11,21,41,11,5,78,3,49,0,84.52587658,34,68,21,68,9,7,8,1
E00000550,384,127,262,236,362,66,345,134,266,241,324,40,75,115,43,41,2,0,164,50,31,25,21,22,56,8,35,71,24,42,14,12,21,6,5,90,4,33,0,94.15320084,41,92,31,54,9,2,8,7
E00000551,344,130,231,217,328,71,323,129,231,218,302,24,80,94,46,27,1,0,157,47,8,16,15,6,73,13,24,77,21,32,12,10,34,16,1,44,54,31,0,86.56574886,35,85,27,35,9,7,28,12
E00000552,417,132,300,290,397,84,404,129,284,267,383,37,77,120,67,33,0,0,128,69,32,31,43,12,81,15,43,70,27,44,16,4,23,13,4,91,2,38,0,69.83229236,39,98,34,58,7,4,3,1
E00000553,452,144,313,293,421,74,392,149,298,285,375,48,82,150,55,35,4,0,124,81,31,41,47,17,70,12,39,83,31,44,14,12,26,11,4,76,3,63,0,75.93378241,36,108,35,46,8,11,19,12
E00000554,389,119,299,287,373,58,360,116,269,258,346,27,53,108,51,33,1,0,109,71,63,22,12,9,69,14,29,79,40,33,17,9,13,6,0,80,4,34,0,58.27559219,30,90,30,58,6,8,9,3
E00000555,459,132,331,320,433,81,411,133,305,299,391,45,75,135,71,42,1,0,153,85,43,26,34,15,69,25,37,67,26,53,19,11,11,6,4,100,3,29,0,48.44532255,28,113,38,70,6,9,8,11
E00000556,341,123,258,221,329,60,313,120,241,212,299,21,52,90,42,53,5,0,151,57,24,25,12,4,55,5,30,83,25,33,20,27,11,4,1,94,2,26,0,78.55190508,30,86,26,37,5,13,7,8
E00000557,367,105,238,222,336,85,270,101,200,191,260,44,80,94,41,29,0,0,110,67,14,26,38,11,83,4,58,57,22,35,16,6,13,11,0,69,1,35,0,91.0875965,31,64,22,32,5,10,9,10
E00000558,311,120,224,214,295,55,281,119,204,190,259,24,58,89,55,21,0,0,93,61,10,11,16,9,82,14,31,80,27,31,7,10,36,8,0,48,17,52,0,87.07131864,20,68,12,54,10,4,16,5
E00000559,413,135,299,281,392,70,358,132,267,253,344,37,73,133,59,40,1,0,174,66,48,25,26,6,47,10,35,83,30,37,19,9,25,14,1,72,30,33,0,87.39692656,38,86,31,45,7,6,21,16
E00000560,379,136,300,270,360,42,363,130,291,254,350,30,47,114,54,45,3,0,152,43,47,44,27,6,33,12,24,94,30,30,18,15,31,7,4,105,2,28,0,86.51755616,46,113,33,71,4,16,5,6
E00000561,413,121,302,285,389,57,366,122,272,257,353,33,71,122,66,30,3,12,111,67,44,37,60,3,64,14,37,68,25,44,10,10,23,3,5,88,0,31,0,100.4550731,38,86,27,84,3,3,9,2
E00000562,411,147,326,299,393,49,399,140,324,301,388,30,51,121,59,60,2,0,166,39,70,42,30,6,28,11,33,96,29,37,34,8,25,11,3,118,0,29,0,90.22613503,31,113,29,80,5,6,10,3
E00000563,260,121,199,166,252,25,259,122,202,158,247,11,48,71,23,60,5,0,117,33,27,19,18,0,29,7,6,91,14,19,7,46,24,7,4,29,72,18,0,125.7784838,23,43,14,39,9,1,47,2
E00000564,305,111,231,212,291,41,288,109,234,214,277,27,44,92,34,42,1,0,121,22,54,41,38,3,12,10,30,67,18,34,20,10,19,9,1,94,3,14,0,84.30141668,29,78,20,59,4,3,4,0
E00000565,293,109,224,210,274,31,273,114,217,203,262,28,36,100,40,30,0,0,118,69,33,11,22,5,16,7,18,70,24,27,9,14,23,9,2,77,12,20,0,76.88445009,20,70,23,56,8,6,5,4
E00000566,407,177,293,282,383,51,404,183,320,310,370,45,65,152,49,23,3,0,112,91,33,40,8,16,72,11,32,107,32,40,9,12,54,25,3,72,0,101,0,65.91814127,34,94,42,90,16,3,21,3
E00000567,329,120,231,221,309,46,284,115,226,218,256,37,59,104,34,28,0,0,91,82,47,21,7,6,47,12,29,66,26,28,8,12,20,17,5,71,1,47,0,77.28858938,27,73,29,49,9,7,12,9
E00000568,343,141,226,214,321,40,322,135,224,210,293,41,69,114,33,25,1,0,97,57,26,29,33,12,74,4,22,78,16,32,6,16,40,20,2,38,0,95,0,83.09874203,31,68,15,62,20,1,24,7
E00000569,356,120,280,258,346,48,360,122,286,264,348,22,50,110,37,42,1,0,113,48,84,34,42,0,18,7,28,82,29,29,16,17,20,6,3,81,5,32,0,96.82077163,51,93,39,57,7,6,13,3
E00000570,322,109,253,219,308,29,311,112,249,221,299,26,41,99,37,47,5,0,154,48,48,23,19,4,4,9,16,74,21,27,20,13,20,2,6,76,15,17,0,103.6651059,38,80,25,55,3,4,13,6
E00000571,401,130,307,294,379,38,396,137,298,280,372,31,60,143,54,32,3,0,137,69,49,65,10,5,34,8,25,83,33,35,18,6,26,8,3,95,1,33,0,82.83172317,51,109,32,75,3,2,10,3
E00000572,392,128,288,268,374,29,346,131,270,251,329,36,61,124,48,49,0,0,116,45,49,59,26,13,50,10,14,74,23,40,17,12,22,7,5,87,2,38,0,105.1348446,33,74,39,77,3,5,8,3
E00000573,517,170,387,373,488,55,488,175,381,362,468,51,69,191,54,34,1,0,152,98,57,63,45,7,63,15,32,101,41,50,13,10,37,10,2,95,4,66,0,59.04962312,29,127,53,92,10,3,13,9
E00000574,303,109,238,216,286,22,286,108,232,219,273,28,35,98,43,41,0,0,143,38,40,28,19,3,17,2,13,77,29,26,18,9,21,4,2,72,6,29,0,75.60103765,30,96,25,61,4,2,8,0
E00000575,382,125,279,269,366,45,329,122,251,236,311,26,67,115,63,26,1,0,144,61,43,24,25,3,55,10,27,69,30,40,12,10,17,13,3,81,1,43,0,65.92810188,39,83,29,58,3,8,15,7
E00165805,235,78,145,145,220,41,236,78,182,182,218,25,64,84,27,5,0,0,17,48,19,42,50,5,34,3,38,38,14,25,3,2,19,14,0,4,0,67,0,37.86732239,14,33,17,59,13,2,17,0
E00175102,221,61,163,158,206,34,203,63,160,156,193,27,30,78,27,13,0,0,16,44,30,58,31,6,21,2,33,32,12,22,6,3,11,2,2,32,0,28,0,57.20917675,8,34,17,54,1,5,7,0
E00175103,501,191,358,355,460,54,348,158,307,304,328,75,67,279,28,9,0,0,50,94,152,61,31,33,47,2,50,101,35,65,6,1,59,18,2,75,6,104,0,18.9407412,22,36,18,173,10,0,18,1
E00175104,313,123,199,198,288,67,342,132,245,244,317,36,74,126,35,5,0,0,60,58,25,30,10,13,92,6,48,66,17,38,3,1,45,15,1,28,0,94,0,47.50852078,20,62,20,109,12,0,27,17
E00175105,680,239,441,441,620,60,545,236,440,440,487,120,116,399,16,3,0,0,38,110,394,39,21,12,25,0,52,99,40,99,1,1,57,29,1,34,0,205,0,9.18495949,10,32,26,289,8,0,6,3
E00175106,1337,457,823,822,1188,261,472,241,379,375,430,231,269,543,107,6,0,0,137,181,138,182,135,57,391,21,201,183,61,172,2,1,119,90,3,35,31,196,194,51.10675731,15,147,40,111,69,4,118,36
E00175107,1405,433,916,905,1307,325,365,133,267,253,342,167,297,490,155,26,3,0,335,228,48,125,101,52,429,31,167,188,70,183,11,5,102,49,7,167,28,237,0,66.25653773,27,87,25,91,30,6,74,56
E00175108,371,132,235,232,340,84,324,132,223,218,288,53,77,131,46,7,1,0,52,72,23,37,33,13,121,3,59,61,18,43,3,1,39,23,3,26,49,57,0,67.15304781,21,66,17,68,22,3,29,11
E00175109,370,148,247,247,341,57,351,126,260,259,317,52,71,195,25,1,0,57,59,142,43,26,22,11,56,1,48,78,24,50,0,1,53,16,0,38,0,108,0,43.74423131,13,51,36,99,14,1,18,7
E00175110,292,114,185,185,266,49,266,117,196,196,236,50,54,137,22,7,0,0,18,112,27,26,14,9,77,2,37,57,18,30,3,0,36,23,3,29,0,82,0,22.16542917,14,36,21,80,9,0,13,8
E00175111,970,418,646,643,867,157,188,81,142,142,167,169,150,440,73,20,0,0,178,193,27,74,69,28,328,20,95,223,56,99,9,7,151,85,2,26,159,93,140,25.44140201,13,30,16,64,42,2,117,23
E00175112,134,44,83,81,127,35,137,47,83,82,122,15,33,46,13,5,0,0,21,30,10,2,14,6,41,3,27,22,8,12,2,2,10,8,1,10,29,5,0,41.97002561,6,15,8,17,1,1,14,9
E00175113,265,95,182,181,249,48,247,95,180,180,220,31,51,104,33,5,0,0,44,61,10,12,12,22,92,7,29,51,16,28,4,0,31,14,0,58,6,30,0,32.97409623,10,42,14,77,2,2,8,2
E00175114,436,143,303,288,418,104,399,143,291,273,377,31,93,122,63,26,3,0,148,74,0,8,25,14,128,14,46,79,19,51,12,14,34,10,1,74,29,39,0,76.19694721,27,102,28,74,6,7,36,21
E00175115,290,91,174,173,272,54,278,87,185,184,252,31,80,107,34,4,0,0,41,54,19,28,9,12,110,4,33,33,13,42,1,0,19,10,3,40,12,38,0,26.05376067,11,43,18,81,3,6,8,4
E00175116,1093,275,773,765,1008,178,248,98,162,154,213,127,179,506,117,16,1,0,170,220,94,78,79,54,313,29,95,119,41,107,3,1,74,36,10,132,4,135,0,57.7518283,6,23,18,57,19,1,42,45
E00175117,725,266,440,440,664,168,219,79,142,142,200,109,164,286,72,5,0,0,167,90,7,24,22,24,347,11,86,119,39,79,2,2,76,61,1,29,24,213,0,30.00462828,11,46,15,46,31,1,81,29
E00175118,304,108,204,191,287,66,264,109,190,170,237,29,68,103,25,31,2,0,144,62,5,10,13,2,52,5,27,55,19,35,10,15,11,14,1,46,33,29,0,109.1292262,26,63,18,32,3,6,36,7
E00175119,262,77,175,172,251,66,256,78,154,151,240,21,59,71,27,10,0,0,144,29,5,13,9,4,39,15,11,33,15,32,5,3,10,8,0,20,45,12,0,58.94355889,19,73,13,17,8,1,23,21
E00175120,211,75,114,114,187,48,184,78,131,130,165,46,49,81,16,0,0,0,27,46,3,18,22,11,68,8,25,23,7,24,0,0,16,23,0,26,0,49,0,47.04327668,11,30,11,58,9,8,16,10
E00175121,135,53,87,87,117,20,124,53,87,87,110,29,18,57,13,1,0,0,15,39,8,8,20,4,37,0,13,26,10,13,1,0,15,12,0,21,0,31,0,27.63545968,4,21,12,32,3,0,5,0
E00175122,199,72,127,120,181,39,222,79,153,150,206,30,39,62,22,14,0,24,39,39,11,13,27,7,57,4,31,39,11,17,5,6,17,12,0,15,42,13,0,71.79716263,7,50,18,39,9,1,18,5
E00175123,179,89,150,114,171,21,186,91,145,106,178,9,17,35,26,50,6,0,80,23,0,2,27,3,40,1,15,72,10,13,9,42,11,2,2,22,10,49,0,171.15642,22,42,10,20,3,2,45,4
